"YYBM","PSDBM","PSDBH","YPBM","SCPH","CRKSL","PSDMXBH"
"455755610","45575561001","P2016101900000007","114709","1","1","P2016101900000007-0073"
"455755610","45575561001","P2016101900000007","100955","1","1","P2016101900000007-0289"
"455755610","45575561001","P2016101900000007","114365","1","1","P2016101900000007-0313"
"455755610","45575561001","P2016101900000007","109451","1","1","P2016101900000007-0427"
"455755610","45575561001","P2016101900000007","101127","1","1","P2016101900000007-0439"
"455755610","45575561001","P2016101900000007","101471","1","1","P2016101900000007-0139"
"455755610","45575561001","P2016101900000007","101091","1","1","P2016101900000007-0371"
"455755610","45575561001","P2016101900000007","110383","1","1","P2016101900000007-0481"
"455755610","45575561001","P2016101900000007","101115","1","1","P2016101900000007-0321"
"455755610","45575561001","P2016101900000007","111155","1","1","P2016101900000007-0200"
"455755610","45575561001","P2016101900000007","116123","1","1","P2016101900000007-0050"
"455755610","45575561001","P2016101900000007","102613","1","1","P2016101900000007-0166"
"455755610","45575561001","P2016101900000007","100961","1","1","P2016101900000007-0412"
"455755610","45575561001","P2016101900000007","108549","1","1","P2016101900000007-0161"
"455755610","45575561001","P2016101900000007","108177","1","1","P2016101900000007-0242"
"455755610","45575561001","P2016101900000007","114165","1","1","P2016101900000007-0308"
"455755610","45575561001","P2016101900000007","111047","1","1","P2016101900000007-0243"
"455755610","45575561001","P2016101900000007","113801","1","1","P2016101900000007-0197"
"455755610","45575561001","P2016101900000007","103759","1","1","P2016101900000007-0075"
"455755610","45575561001","P2016101900000007","105343","1","1","P2016101900000007-0417"
"455755610","45575561001","P2016101900000007","113815","1","1","P2016101900000007-0240"
"455755610","45575561001","P2016101900000007","109565","1","1","P2016101900000007-0362"
"455755610","45575561001","P2016101900000007","117775","1","1","P2016101900000007-0125"
"455755610","45575561001","P2016101900000007","101351","1","1","P2016101900000007-0299"
"455755610","45575561001","P2016101900000007","115357","1","1","P2016101900000007-0163"
"455755610","45575561001","P2016101900000007","106133","1","1","P2016101900000007-0420"
"455755610","45575561001","P2016101900000007","117439","1","1","P2016101900000007-0080"
"455755610","45575561001","P2016101900000007","109921","1","1","P2016101900000007-0141"
"455755610","45575561001","P2016101900000007","114711","1","1","P2016101900000007-0438"
"455755610","45575561001","P2016101900000007","106065","1","1","P2016101900000007-0469"
"455755610","45575561001","P2016101900000007","102603","1","1","P2016101900000007-0297"
"455755610","45575561001","P2016101900000007","105019","1","1","P2016101900000007-0129"
"455755610","45575561001","P2016101900000007","108507","1","1","P2016101900000007-0480"
"455755610","45575561001","P2016101900000007","101257","1","1","P2016101900000007-0492"
"455755610","45575561001","P2016101900000007","105933","1","1","P2016101900000007-0179"
"455755610","45575561001","P2016101900000007","116361","1","1","P2016101900000007-0373"
"455755610","45575561001","P2016101900000007","108167","1","1","P2016101900000007-0083"
"455755610","45575561001","P2016101900000007","113007","1","1","P2016101900000007-0226"
"455755610","45575561001","P2016101900000007","114961","1","1","P2016101900000007-0455"
"455755610","45575561001","P2016101900000007","101131","1","1","P2016101900000007-0340"
"455755610","45575561001","P2016101900000007","117431","1","1","P2016101900000007-0264"
"455755610","45575561001","P2016101900000007","102553","1","1","P2016101900000007-0107"
"455755610","45575561001","P2016101900000007","114353","1","1","P2016101900000007-0294"
"455755610","45575561001","P2016101900000007","100967","1","1","P2016101900000007-0413"
"455755610","45575561001","P2016101900000007","113807","1","1","P2016101900000007-0036"
"455755610","45575561001","P2016101900000007","108255","1","1","P2016101900000007-0385"
"455755610","45575561001","P2016101900000007","105007","1","1","P2016101900000007-0097"
"455755610","45575561001","P2016101900000007","114571","1","1","P2016101900000007-0224"
"455755610","45575561001","P2016101900000007","106265","1","1","P2016101900000007-0244"
"455755610","45575561001","P2016101900000007","114134","1","1","P2016101900000007-0057"
"455755610","45575561001","P2016101900000007","102607","1","1","P2016101900000007-0100"
"455755610","45575561001","P2016101900000007","108225","1","1","P2016101900000007-0317"
"455755610","45575561001","P2016101900000007","104179","1","1","P2016101900000007-0465"
"455755610","45575561001","P2016101900000007","105365","1","1","P2016101900000007-0452"
"455755610","45575561001","P2016101900000007","107237","1","1","P2016101900000007-0499"
"455755610","45575561001","P2016101900000007","109429","1","1","P2016101900000007-0442"
"455755610","45575561001","P2016101900000007","109407","1","1","P2016101900000007-0111"
"455755610","45575561001","P2016101900000007","104175","1","1","P2016101900000007-0382"
"455755610","45575561001","P2016101900000007","112961","1","1","P2016101900000007-0266"
"455755610","45575561001","P2016101900000007","114359","1","1","P2016101900000007-0002"
"455755610","45575561001","P2016101900000007","115515","1","1","P2016101900000007-0158"
"455755610","45575561001","P2016101900000007","104121","1","1","P2016101900000007-0302"
"455755610","45575561001","P2016101900000007","104493","1","1","P2016101900000007-0392"
"455755610","45575561001","P2016101900000007","101139","1","1","P2016101900000007-0088"
"455755610","45575561001","P2016101900000007","116309","1","1","P2016101900000007-0419"
"455755610","45575561001","P2016101900000007","101233","1","1","P2016101900000007-0456"
"455755610","45575561001","P2016101900000007","103421","1","1","P2016101900000007-0393"
"455755610","45575561001","P2016101900000007","114741","1","1","P2016101900000007-0126"
"455755610","45575561001","P2016101900000007","115377","1","1","P2016101900000007-0229"
"455755610","45575561001","P2016101900000007","104967","1","1","P2016101900000007-0338"
"455755610","45575561001","P2016101900000007","100435","1","1","P2016101900000007-0324"
"455755610","45575561001","P2016101900000007","113241","1","1","P2016101900000007-0171"
"455755610","45575561001","P2016101900000007","115323","1","1","P2016101900000007-0130"
"455755610","45575561001","P2016101900000007","111475","1","1","P2016101900000007-0024"
"455755610","45575561001","P2016101900000007","104163","1","1","P2016101900000007-0105"
"455755610","45575561001","P2016101900000007","113139","1","1","P2016101900000007-0196"
"455755610","45575561001","P2016101900000007","101093","1","1","P2016101900000007-0334"
"455755610","45575561001","P2016101900000007","117639","1","1","P2016101900000007-0283"
"455755610","45575561001","P2016101900000007","115341","1","1","P2016101900000007-0260"
"455755610","45575561001","P2016101900000007","118105","1","1","P2016101900000007-0155"
"455755610","45575561001","P2016101900000007","102569","1","1","P2016101900000007-0398"
"455755610","45575561001","P2016101900000007","117449","1","1","P2016101900000007-0426"
"455755610","45575561001","P2016101900000007","111541","1","1","P2016101900000007-0366"
"455755610","45575561001","P2016101900000007","111145","1","1","P2016101900000007-0422"
"455755610","45575561001","P2016101900000007","109575","1","1","P2016101900000007-0345"
"455755610","45575561001","P2016101900000007","105015","1","1","P2016101900000007-0249"
"455755610","45575561001","P2016101900000007","103761","1","1","P2016101900000007-0259"
"455755610","45575561001","P2016101900000007","111123","1","1","P2016101900000007-0494"
"455755610","45575561001","P2016101900000007","104965","1","1","P2016101900000007-0482"
"455755610","45575561001","P2016101900000007","104207","1","1","P2016101900000007-0099"
"455755610","45575561001","P2016101900000007","114321","1","1","P2016101900000007-0237"
"455755610","45575561001","P2016101900000007","105335","1","1","P2016101900000007-0487"
"455755610","45575561001","P2016101900000007","105341","1","1","P2016101900000007-0312"
"455755610","45575561001","P2016101900000007","103763","1","1","P2016101900000007-0410"
"455755610","45575561001","P2016101900000007","112973","1","1","P2016101900000007-0320"
"455755610","45575561001","P2016101900000007","114599","1","1","P2016101900000007-0247"
"455755610","45575561001","P2016101900000007","113173","1","1","P2016101900000007-0162"
"455755610","45575561001","P2016101900000007","102597","1","1","P2016101900000007-0333"
"455755610","45575561001","P2016101900000007","114337","1","1","P2016101900000007-0173"
"455755610","45575561001","P2016101900000007","114339","1","1","P2016101900000007-0184"
"455755610","45575561001","P2016101900000007","115359","1","1","P2016101900000007-0309"
"455755610","45575561001","P2016101900000007","108555","1","1","P2016101900000007-0424"
"455755610","45575561001","P2016101900000007","115549","1","1","P2016101900000007-0103"
"455755610","45575561001","P2016101900000007","105607","1","1","P2016101900000007-0023"
"455755610","45575561001","P2016101900000007","117445","1","1","P2016101900000007-0048"
"455755610","45575561001","P2016101900000007","116359","1","1","P2016101900000007-0070"
"455755610","45575561001","P2016101900000007","108219","1","1","P2016101900000007-0177"
"455755610","45575561001","P2016101900000007","116357","1","1","P2016101900000007-0282"
"455755610","45575561001","P2016101900000007","108137","1","1","P2016101900000007-0006"
"455755610","45575561001","P2016101900000007","110379","1","1","P2016101900000007-0318"
"455755610","45575561001","P2016101900000007","113127","1","1","P2016101900000007-0231"
"455755610","45575561001","P2016101900000007","114939","1","1","P2016101900000007-0275"
"455755610","45575561001","P2016101900000007","106327","1","1","P2016101900000007-0087"
"455755610","45575561001","P2016101900000007","108517","1","1","P2016101900000007-0222"
"455755610","45575561001","P2016101900000007","106187","1","1","P2016101900000007-0418"
"455755610","45575561001","P2016101900000007","109379","1","1","P2016101900000007-0326"
"455755610","45575561001","P2016101900000007","100933","1","1","P2016101900000007-0112"
"455755610","45575561001","P2016101900000007","108521","1","1","P2016101900000007-0474"
"455755610","45575561001","P2016101900000007","112955","1","1","P2016101900000007-0136"
"455755610","45575561001","P2016101900000007","113237","1","1","P2016101900000007-0089"
"455755610","45575561001","P2016101900000007","105373","1","1","P2016101900000007-0216"
"455755610","45575561001","P2016101900000007","103429","1","1","P2016101900000007-0406"
"455755610","45575561001","P2016101900000007","118041","1","1","P2016101900000007-0116"
"455755610","45575561001","P2016101900000007","113793","1","1","P2016101900000007-0278"
"455755610","45575561001","P2016101900000007","117739","1","1","P2016101900000007-0252"
"455755610","45575561001","P2016101900000007","113775","1","1","P2016101900000007-0368"
"455755610","45575561001","P2016101900000007","114371","1","1","P2016101900000007-0208"
"455755610","45575561001","P2016101900000007","109457","1","1","P2016101900000007-0027"
"455755610","45575561001","P2016101900000007","104483","1","1","P2016101900000007-0343"
"455755610","45575561001","P2016101900000007","115379","1","1","P2016101900000007-0440"
"455755610","45575561001","P2016101900000007","105013","1","1","P2016101900000007-0137"
"455755610","45575561001","P2016101900000007","110361","1","1","P2016101900000007-0270"
"455755610","45575561001","P2016101900000007","113161","1","1","P2016101900000007-0010"
"455755610","45575561001","P2016101900000007","108139","1","1","P2016101900000007-0145"
"455755610","45575561001","P2016101900000007","101209","1","1","P2016101900000007-0395"
"455755610","45575561001","P2016101900000007","105017","1","1","P2016101900000007-0315"
"455755610","45575561001","P2016101900000007","101454","1","1","P2016101900000007-0298"
"455755610","45575561001","P2016101900000007","108523","1","1","P2016101900000007-0484"
"455755610","45575561001","P2016101900000007","107264","1","1","P2016101900000007-0165"
"455755610","45575561001","P2016101900000007","101443","1","1","P2016101900000007-0350"
"455755610","45575561001","P2016101900000007","104531","1","1","P2016101900000007-0451"
"455755610","45575561001","P2016101900000007","100911","1","1","P2016101900000007-0408"
"455755610","45575561001","P2016101900000007","104549","1","1","P2016101900000007-0246"
"455755610","45575561001","P2016101900000007","109401","1","1","P2016101900000007-0095"
"455755610","45575561001","P2016101900000007","108117","1","1","P2016101900000007-0164"
"455755610","45575561001","P2016101900000007","114577","1","1","P2016101900000007-0190"
"455755610","45575561001","P2016101900000007","111131","1","1","P2016101900000007-0400"
"455755610","45575561001","P2016101900000007","114373","1","1","P2016101900000007-0347"
"455755610","45575561001","P2016101900000007","102579","1","1","P2016101900000007-0047"
"455755610","45575561001","P2016101900000007","111143","1","1","P2016101900000007-0377"
"455755610","45575561001","P2016101900000007","109403","1","1","P2016101900000007-0054"
"455755610","45575561001","P2016101900000007","106295","1","1","P2016101900000007-0115"
"455755610","45575561001","P2016101900000007","111135","1","1","P2016101900000007-0120"
"455755610","45575561001","P2016101900000007","115353","1","1","P2016101900000007-0353"
"455755610","45575561001","P2016101900000007","104545","1","1","P2016101900000007-0153"
"455755610","45575561001","P2016101900000007","111073","1","1","P2016101900000007-0430"
"455755610","45575561001","P2016101900000007","116159","1","1","P2016101900000007-0236"
"455755610","45575561001","P2016101900000007","113809","1","1","P2016101900000007-0304"
"455755610","45575561001","P2016101900000007","113781","1","1","P2016101900000007-0489"
"455755610","45575561001","P2016101900000007","101245","1","1","P2016101900000007-0387"
"455755610","45575561001","P2016101900000007","100965","1","1","P2016101900000007-0121"
"455755610","45575561001","P2016101900000007","111051","1","1","P2016101900000007-0429"
"455755610","45575561001","P2016101900000007","114927","1","1","P2016101900000007-0372"
"455755610","45575561001","P2016101900000007","106211","1","1","P2016101900000007-0468"
"455755610","45575561001","P2016101900000007","111523","1","1","P2016101900000007-0421"
"455755610","45575561001","P2016101900000007","103423","1","1","P2016101900000007-0488"
"455755610","45575561001","P2016101900000007","113151","1","1","P2016101900000007-0356"
"455755610","45575561001","P2016101900000007","115333","1","1","P2016101900000007-0114"
"455755610","45575561001","P2016101900000007","116307","1","1","P2016101900000007-0146"
"455755610","45575561001","P2016101900000007","106271","1","1","P2016101900000007-0065"
"455755610","45575561001","P2016101900000007","111083","1","1","P2016101900000007-0332"
"455755610","45575561001","P2016101900000007","106077","1","1","P2016101900000007-0225"
"455755610","45575561001","P2016101900000007","100981","1","1","P2016101900000007-0281"
"455755610","45575561001","P2016101900000007","114151","1","1","P2016101900000007-0234"
"455755610","45575561001","P2016101900000007","109561","1","1","P2016101900000007-0031"
"455755610","45575561001","P2016101900000007","108153","1","1","P2016101900000007-0030"
"455755610","45575561001","P2016101900000007","100989","1","1","P2016101900000007-0207"
"455755610","45575561001","P2016101900000007","116341","1","1","P2016101900000007-0341"
"455755610","45575561001","P2016101900000007","108541","1","1","P2016101900000007-0150"
"455755610","45575561001","P2016101900000007","114367","1","1","P2016101900000007-0214"
"455755610","45575561001","P2016101900000007","104541","1","1","P2016101900000007-0301"
"455755610","45575561001","P2016101900000007","110378","1","1","P2016101900000007-0319"
"455755610","45575561001","P2016101900000007","105333","1","1","P2016101900000007-0025"
"455755610","45575561001","P2016101900000007","111175","1","1","P2016101900000007-0414"
"455755610","45575561001","P2016101900000007","106223","1","1","P2016101900000007-0258"
"455755610","45575561001","P2016101900000007","114363","1","1","P2016101900000007-0096"
"455755610","45575561001","P2016101900000007","107265","1","1","P2016101900000007-0239"
"455755610","45575561001","P2016101900000007","111483","1","1","P2016101900000007-0335"
"455755610","45575561001","P2016101900000007","114191","1","1","P2016101900000007-0337"
"455755610","45575561001","P2016101900000007","101101","1","1","P2016101900000007-0291"
"455755610","45575561001","P2016101900000007","113167","1","1","P2016101900000007-0423"
"455755610","45575561001","P2016101900000007","105371","1","1","P2016101900000007-0189"
"455755610","45575561001","P2016101900000007","110381","1","1","P2016101900000007-0066"
"455755610","45575561001","P2016101900000007","108527","1","1","P2016101900000007-0248"
"455755610","45575561001","P2016101900000007","114179","1","1","P2016101900000007-0008"
"455755610","45575561001","P2016101900000007","100054","1","1","P2016101900000007-0446"
"455755610","45575561001","P2016101900000007","117941","1","1","P2016101900000007-0477"
"455755610","45575561001","P2016101900000007","115349","1","1","P2016101900000007-0292"
"455755610","45575561001","P2016101900000007","112975","1","1","P2016101900000007-0016"
"455755610","45575561001","P2016101900000007","100987","1","1","P2016101900000007-0450"
"455755610","45575561001","P2016101900000007","111095","1","1","P2016101900000007-0072"
"455755610","45575561001","P2016101900000007","108171","1","1","P2016101900000007-0277"
"455755610","45575561001","P2016101900000007","112971","1","1","P2016101900000007-0230"
"455755610","45575561001","P2016101900000007","116351","1","1","P2016101900000007-0397"
"455755610","45575561001","P2016101900000007","108501","1","1","P2016101900000007-0148"
"455755610","45575561001","P2016101900000007","117441","1","1","P2016101900000007-0131"
"455755610","45575561001","P2016101900000007","100433","1","1","P2016101900000007-0388"
"455755610","45575561001","P2016101900000007","110373","1","1","P2016101900000007-0013"
"455755610","45575561001","P2016101900000007","108149","1","1","P2016101900000007-0265"
"455755610","45575561001","P2016101900000007","100969","1","1","P2016101900000007-0360"
"455755610","45575561001","P2016101900000007","113201","1","1","P2016101900000007-0011"
"455755610","45575561001","P2016101900000007","107231","1","1","P2016101900000007-0303"
"455755610","45575561001","P2016101900000007","109513","1","1","P2016101900000007-0119"
"455755610","45575561001","P2016101900000007","113175","1","1","P2016101900000007-0110"
"455755610","45575561001","P2016101900000007","100963","1","1","P2016101900000007-0194"
"455755610","45575561001","P2016101900000007","101129","1","1","P2016101900000007-0458"
"455755610","45575561001","P2016101900000007","100979","1","1","P2016101900000007-0122"
"455755610","45575561001","P2016101900000007","116295","1","1","P2016101900000007-0198"
"455755610","45575561001","P2016101900000007","115533","1","1","P2016101900000007-0367"
"455755610","45575561001","P2016101900000007","104161","1","1","P2016101900000007-0132"
"455755610","45575561001","P2016101900000007","109437","1","1","P2016101900000007-0290"
"455755610","45575561001","P2016101900000007","102541","1","1","P2016101900000007-0453"
"455755610","45575561001","P2016101900000007","111685","1","1","P2016101900000007-0496"
"455755610","45575561001","P2016101900000007","114757","1","1","P2016101900000007-0091"
"455755610","45575561001","P2016101900000007","114575","1","1","P2016101900000007-0346"
"455755610","45575561001","P2016101900000007","115361","1","1","P2016101900000007-0211"
"455755610","45575561001","P2016101900000007","106249","1","1","P2016101900000007-0044"
"455755610","45575561001","P2016101900000007","111805","1","1","P2016101900000007-0199"
"455755610","45575561001","P2016101900000007","101325","1","1","P2016101900000007-0098"
"455755610","45575561001","P2016101900000007","111057","1","1","P2016101900000007-0461"
"455755610","45575561001","P2016101900000007","116315","1","1","P2016101900000007-0228"
"455755610","45575561001","P2016101900000007","109447","1","1","P2016101900000007-0459"
"455755610","45575561001","P2016101900000007","117417","1","1","P2016101900000007-0379"
"455755610","45575561001","P2016101900000007","102583","1","1","P2016101900000007-0001"
"455755610","45575561001","P2016101900000007","114132","1","1","P2016101900000007-0014"
"455755610","45575561001","P2016101900000007","104539","1","1","P2016101900000007-0205"
"455755610","45575561001","P2016101900000007","108537","1","1","P2016101900000007-0437"
"455755610","45575561001","P2016101900000007","106171","1","1","P2016101900000007-0331"
"455755610","45575561001","P2016101900000007","100887","1","1","P2016101900000007-0123"
"455755610","45575561001","P2016101900000007","113817","1","1","P2016101900000007-0035"
"455755610","45575561001","P2016101900000007","100031","1","1","P2016101900000007-0169"
"455755610","45575561001","P2016101900000007","108547","1","1","P2016101900000007-0381"
"455755610","45575561001","P2016101900000007","106319","1","1","P2016101900000007-0375"
"455755610","45575561001","P2016101900000007","103491","1","1","P2016101900000007-0015"
"455755610","45575561001","P2016101900000007","100973","1","1","P2016101900000007-0428"
"455755610","45575561001","P2016101900000007","116369","1","1","P2016101900000007-0142"
"455755610","45575561001","P2016101900000007","101441","1","1","P2016101900000007-0191"
"455755610","45575561001","P2016101900000007","103251","1","1","P2016101900000007-0330"
"455755610","45575561001","P2016101900000007","111043","1","1","P2016101900000007-0479"
"455755610","45575561001","P2016101900000007","112693","1","1","P2016101900000007-0127"
"455755610","45575561001","P2016101900000007","114183","1","1","P2016101900000007-0376"
"455755610","45575561001","P2016101900000007","112959","1","1","P2016101900000007-0078"
"455755610","45575561001","P2016101900000007","114067","1","1","P2016101900000007-0470"
"455755610","45575561001","P2016101900000007","110377","1","1","P2016101900000007-0063"
"455755610","45575561001","P2016101900000007","117443","1","1","P2016101900000007-0076"
"455755610","45575561001","P2016101900000007","101327","1","1","P2016101900000007-0007"
"455755610","45575561001","P2016101900000007","109563","1","1","P2016101900000007-0441"
"455755610","45575561001","P2016101900000007","104509","1","1","P2016101900000007-0448"
"455755610","45575561001","P2016101900000007","112703","1","1","P2016101900000007-0020"
"455755610","45575561001","P2016101900000007","101099","1","1","P2016101900000007-0267"
"455755610","45575561001","P2016101900000007","103425","1","1","P2016101900000007-0235"
"455755610","45575561001","P2016101900000007","114971","1","1","P2016101900000007-0156"
"455755610","45575561001","P2016101900000007","104971","1","1","P2016101900000007-0402"
"455755610","45575561001","P2016101900000007","116779","1","1","P2016101900000007-0399"
"455755610","45575561001","P2016101900000007","116289","1","1","P2016101900000007-0086"
"455755610","45575561001","P2016101900000007","108341","1","1","P2016101900000007-0389"
"455755610","45575561001","P2016101900000007","101449","1","1","P2016101900000007-0134"
"455755610","45575561001","P2016101900000007","111049","1","1","P2016101900000007-0425"
"455755610","45575561001","P2016101900000007","111041","1","1","P2016101900000007-0033"
"455755610","45575561001","P2016101900000007","101199","1","1","P2016101900000007-0062"
"455755610","45575561001","P2016101900000007","117667","1","1","P2016101900000007-0369"
"455755610","45575561001","P2016101900000007","101639","1","1","P2016101900000007-0094"
"455755610","45575561001","P2016101900000007","105603","1","1","P2016101900000007-0170"
"455755610","45575561001","P2016101900000007","103431","1","1","P2016101900000007-0017"
"455755610","45575561001","P2016101900000007","112965","1","1","P2016101900000007-0009"
"455755610","45575561001","P2016101900000007","102561","1","1","P2016101900000007-0064"
"455755610","45575561001","P2016101900000007","112963","1","1","P2016101900000007-0349"
"455755610","45575561001","P2016101900000007","113219","1","1","P2016101900000007-0104"
"455755610","45575561001","P2016101900000007","113821","1","1","P2016101900000007-0185"
"455755610","45575561001","P2016101900000007","107233","1","1","P2016101900000007-0273"
"455755610","45575561001","P2016101900000007","109433","1","1","P2016101900000007-0403"
"455755610","45575561001","P2016101900000007","113187","1","1","P2016101900000007-0276"
"455755610","45575561001","P2016101900000007","101095","1","1","P2016101900000007-0296"
"455755610","45575561001","P2016101900000007","115339","1","1","P2016101900000007-0079"
"455755610","45575561001","P2016101900000007","102557","1","1","P2016101900000007-0028"
"455755610","45575561001","P2016101900000007","103427","1","1","P2016101900000007-0295"
"455755610","45575561001","P2016101900000007","114169","1","1","P2016101900000007-0370"
"455755610","45575561001","P2016101900000007","101525","1","1","P2016101900000007-0071"
"455755610","45575561001","P2016101900000007","104529","1","1","P2016101900000007-0383"
"455755610","45575561001","P2016101900000007","104547","1","1","P2016101900000007-0151"
"455755610","45575561001","P2016101900000007","117429","1","1","P2016101900000007-0336"
"455755610","45575561001","P2016101900000007","112689","1","1","P2016101900000007-0404"
"455755610","45575561001","P2016101900000007","100008","1","1","P2016101900000007-0447"
"455755610","45575561001","P2016101900000007","102551","1","1","P2016101900000007-0209"
"455755610","45575561001","P2016101900000007","106203","1","1","P2016101900000007-0167"
"455755610","45575561001","P2016101900000007","104533","1","1","P2016101900000007-0187"
"455755610","45575561001","P2016101900000007","113823","1","1","P2016101900000007-0486"
"455755610","45575561001","P2016101900000007","109463","1","1","P2016101900000007-0029"
"455755610","45575561001","P2016101900000007","113795","1","1","P2016101900000007-0051"
"455755610","45575561001","P2016101900000007","114335","1","1","P2016101900000007-0217"
"455755610","45575561001","P2016101900000007","115891","1","1","P2016101900000007-0195"
"455755610","45575561001","P2016101900000007","106219","1","1","P2016101900000007-0193"
"455755610","45575561001","P2016101900000007","108525","1","1","P2016101900000007-0288"
"455755610","45575561001","P2016101900000007","103481","1","1","P2016101900000007-0460"
"455755610","45575561001","P2016101900000007","108519","1","1","P2016101900000007-0500"
"455755610","45575561001","P2016101900000007","100001","1","1","P2016101900000007-0046"
"455755610","45575561001","P2016101900000007","111781","1","1","P2016101900000007-0359"
"455755610","45575561001","P2016101900000007","105923","1","1","P2016101900000007-0432"
"455755610","45575561001","P2016101900000007","108235","1","1","P2016101900000007-0323"
"455755610","45575561001","P2016101900000007","101117","1","1","P2016101900000007-0090"
"455755610","45575561001","P2016101900000007","112365","1","1","P2016101900000007-0233"
"455755610","45575561001","P2016101900000007","109473","1","1","P2016101900000007-0149"
"455755610","45575561001","P2016101900000007","104221","1","1","P2016101900000007-0471"
"455755610","45575561001","P2016101900000007","113005","1","1","P2016101900000007-0032"
"455755610","45575561001","P2016101900000007","114109","1","1","P2016101900000007-0019"
"455755610","45575561001","P2016101900000007","100004","1","1","P2016101900000007-0232"
"455755610","45575561001","P2016101900000007","105367","1","1","P2016101900000007-0218"
"455755610","45575561001","P2016101900000007","109461","1","1","P2016101900000007-0380"
"455755610","45575561001","P2016101900000007","109559","1","1","P2016101900000007-0498"
"455755610","45575561001","P2016101900000007","100883","1","1","P2016101900000007-0396"
"455755610","45575561001","P2016101900000007","101459","1","1","P2016101900000007-0435"
"455755610","45575561001","P2016101900000007","107291","1","1","P2016101900000007-0305"
"455755610","45575561001","P2016101900000007","113787","1","1","P2016101900000007-0052"
"455755610","45575561001","P2016101900000007","100953","1","1","P2016101900000007-0067"
"455755610","45575561001","P2016101900000007","112369","1","1","P2016101900000007-0106"
"455755610","45575561001","P2016101900000007","113819","1","1","P2016101900000007-0038"
"455755610","45575561001","P2016101900000007","104525","1","1","P2016101900000007-0061"
"455755610","45575561001","P2016101900000007","103141","1","1","P2016101900000007-0058"
"455755610","45575561001","P2016101900000007","100893","1","1","P2016101900000007-0457"
"455755610","45575561001","P2016101900000007","106075","1","1","P2016101900000007-0005"
"455755610","45575561001","P2016101900000007","108221","1","1","P2016101900000007-0135"
"455755610","45575561001","P2016101900000007","103487","1","1","P2016101900000007-0251"
"455755610","45575561001","P2016101900000007","108115","1","1","P2016101900000007-0344"
"455755610","45575561001","P2016101900000007","108531","1","1","P2016101900000007-0255"
"455755610","45575561001","P2016101900000007","108109","1","1","P2016101900000007-0386"
"455755610","45575561001","P2016101900000007","114197","1","1","P2016101900000007-0279"
"455755610","45575561001","P2016101900000007","114977","1","1","P2016101900000007-0147"
"455755610","45575561001","P2016101900000007","117823","1","1","P2016101900000007-0280"
"455755610","45575561001","P2016101900000007","111185","1","1","P2016101900000007-0464"
"455755610","45575561001","P2016101900000007","114185","1","1","P2016101900000007-0152"
"455755610","45575561001","P2016101900000007","108233","1","1","P2016101900000007-0444"
"455755610","45575561001","P2016101900000007","114967","1","1","P2016101900000007-0181"
"455755610","45575561001","P2016101900000007","102587","1","1","P2016101900000007-0454"
"455755610","45575561001","P2016101900000007","109445","1","1","P2016101900000007-0041"
"455755610","45575561001","P2016101900000007","109567","1","1","P2016101900000007-0004"
"455755610","45575561001","P2016101900000007","108185","1","1","P2016101900000007-0443"
"455755610","45575561001","P2016101900000007","112977","1","1","P2016101900000007-0021"
"455755610","45575561001","P2016101900000007","111773","1","1","P2016101900000007-0056"
"455755610","45575561001","P2016101900000007","103497","1","1","P2016101900000007-0493"
"455755610","45575561001","P2016101900000007","108487","1","1","P2016101900000007-0466"
"455755610","45575561001","P2016101900000007","102567","1","1","P2016101900000007-0384"
"455755610","45575561001","P2016101900000007","101435","1","1","P2016101900000007-0285"
"455755610","45575561001","P2016101900000007","110375","1","1","P2016101900000007-0018"
"455755610","45575561001","P2016101900000007","114395","1","1","P2016101900000007-0472"
"455755610","45575561001","P2016101900000007","107289","1","1","P2016101900000007-0328"
"455755610","45575561001","P2016101900000007","111733","1","1","P2016101900000007-0124"
"455755610","45575561001","P2016101900000007","106209","1","1","P2016101900000007-0348"
"455755610","45575561001","P2016101900000007","114369","1","1","P2016101900000007-0261"
"455755610","45575561001","P2016101900000007","114937","1","1","P2016101900000007-0409"
"455755610","45575561001","P2016101900000007","114323","1","1","P2016101900000007-0227"
"455755610","45575561001","P2016101900000007","100977","1","1","P2016101900000007-0485"
"455755610","45575561001","P2016101900000007","100021","1","1","P2016101900000007-0160"
"455755610","45575561001","P2016101900000007","109443","1","1","P2016101900000007-0238"
"455755610","45575561001","P2016101900000007","117447","1","1","P2016101900000007-0077"
"455755610","45575561001","P2016101900000007","105005","1","1","P2016101900000007-0483"
"455755610","45575561001","P2016101900000007","112957","1","1","P2016101900000007-0040"
"455755610","45575561001","P2016101900000007","108513","1","1","P2016101900000007-0213"
"455755610","45575561001","P2016101900000007","112695","1","1","P2016101900000007-0133"
"455755610","45575561001","P2016101900000007","109389","1","1","P2016101900000007-0093"
"455755610","45575561001","P2016101900000007","100431","1","1","P2016101900000007-0049"
"455755610","45575561001","P2016101900000007","100971","1","1","P2016101900000007-0172"
"455755610","45575561001","P2016101900000007","108509","1","1","P2016101900000007-0364"
"455755610","45575561001","P2016101900000007","104517","1","1","P2016101900000007-0245"
"455755610","45575561001","P2016101900000007","100437","1","1","P2016101900000007-0467"
"455755610","45575561001","P2016101900000007","107277","1","1","P2016101900000007-0473"
"455755610","45575561001","P2016101900000007","108557","1","1","P2016101900000007-0300"
"455755610","45575561001","P2016101900000007","117589","1","1","P2016101900000007-0476"
"455755610","45575561001","P2016101900000007","106221","1","1","P2016101900000007-0314"
"455755610","45575561001","P2016101900000007","107235","1","1","P2016101900000007-0351"
"455755610","45575561001","P2016101900000007","114317","1","1","P2016101900000007-0357"
"455755610","45575561001","P2016101900000007","118063","1","1","P2016101900000007-0411"
"455755610","45575561001","P2016101900000007","107241","1","1","P2016101900000007-0358"
"455755610","45575561001","P2016101900000007","113829","1","1","P2016101900000007-0045"
"455755610","45575561001","P2016101900000007","109459","1","1","P2016101900000007-0390"
"455755610","45575561001","P2016101900000007","115369","1","1","P2016101900000007-0405"
"455755610","45575561001","P2016101900000007","116323","1","1","P2016101900000007-0012"
"455755610","45575561001","P2016101900000007","117615","1","1","P2016101900000007-0293"
"455755610","45575561001","P2016101900000007","117587","1","1","P2016101900000007-0168"
"455755610","45575561001","P2016101900000007","108343","1","1","P2016101900000007-0074"
"455755610","45575561001","P2016101900000007","100975","1","1","P2016101900000007-0495"
"455755610","45575561001","P2016101900000007","109537","1","1","P2016101900000007-0394"
"455755610","45575561001","P2016101900000007","103901","1","1","P2016101900000007-0176"
"455755610","45575561001","P2016101900000007","108511","1","1","P2016101900000007-0449"
"455755610","45575561001","P2016101900000007","104185","1","1","P2016101900000007-0241"
"455755610","45575561001","P2016101900000007","110205","1","1","P2016101900000007-0219"
"455755610","45575561001","P2016101900000007","107279","1","1","P2016101900000007-0154"
"455755610","45575561001","P2016101900000007","111129","1","1","P2016101900000007-0101"
"455755610","45575561001","P2016101900000007","109455","1","1","P2016101900000007-0175"
"455755610","45575561001","P2016101900000007","101349","1","1","P2016101900000007-0174"
"455755610","45575561001","P2016101900000007","109409","1","1","P2016101900000007-0144"
"455755610","45575561001","P2016101900000007","109573","1","1","P2016101900000007-0143"
"455755610","45575561001","P2016101900000007","101613","1","1","P2016101900000007-0109"
"455755610","45575561001","P2016101900000007","102577","1","1","P2016101900000007-0113"
"455755610","45575561001","P2016101900000007","106189","1","1","P2016101900000007-0436"
"455755610","45575561001","P2016101900000007","113009","1","1","P2016101900000007-0186"
"455755610","45575561001","P2016101900000007","104165","1","1","P2016101900000007-0445"
"455755610","45575561001","P2016101900000007","108187","1","1","P2016101900000007-0434"
"455755610","45575561001","P2016101900000007","106247","1","1","P2016101900000007-0374"
"455755610","45575561001","P2016101900000007","113773","1","1","P2016101900000007-0140"
"455755610","45575561001","P2016101900000007","100007","1","1","P2016101900000007-0201"
"455755610","45575561001","P2016101900000007","109569","1","1","P2016101900000007-0159"
"455755610","45575561001","P2016101900000007","107287","1","1","P2016101900000007-0022"
"455755610","45575561001","P2016101900000007","109571","1","1","P2016101900000007-0182"
"455755610","45575561001","P2016101900000007","114573","1","1","P2016101900000007-0433"
"455755610","45575561001","P2016101900000007","114397","1","1","P2016101900000007-0475"
"455755610","45575561001","P2016101900000007","101611","1","1","P2016101900000007-0262"
"455755610","45575561001","P2016101900000007","114141","1","1","P2016101900000007-0221"
"455755610","45575561001","P2016101900000007","101225","1","1","P2016101900000007-0082"
"455755610","45575561001","P2016101900000007","111039","1","1","P2016101900000007-0081"
"455755610","45575561001","P2016101900000007","103337","1","1","P2016101900000007-0342"
"455755610","45575561001","P2016101900000007","113813","1","1","P2016101900000007-0363"
"455755610","45575561001","P2016101900000007","106225","1","1","P2016101900000007-0307"
"455755610","45575561001","P2016101900000007","105357","1","1","P2016101900000007-0355"
"455755610","45575561001","P2016101900000007","101119","1","1","P2016101900000007-0352"
"455755610","45575561001","P2016101900000007","115381","1","1","P2016101900000007-0042"
"455755610","45575561001","P2016101900000007","101609","1","1","P2016101900000007-0272"
"455755610","45575561001","P2016101900000007","112699","1","1","P2016101900000007-0003"
"455755610","45575561001","P2016101900000007","117397","1","1","P2016101900000007-0497"
"455755610","45575561001","P2016101900000007","114053","1","1","P2016101900000007-0365"
"455755610","45575561001","P2016101900000007","109347","1","1","P2016101900000007-0223"
"455755610","45575561001","P2016101900000007","105329","1","1","P2016101900000007-0178"
"455755610","45575561001","P2016101900000007","111535","1","1","P2016101900000007-0138"
"455755610","45575561001","P2016101900000007","100002","1","1","P2016101900000007-0059"
"455755610","45575561001","P2016101900000007","108551","1","1","P2016101900000007-0310"
"455755610","45575561001","P2016101900000007","104481","1","1","P2016101900000007-0210"
"455755610","45575561001","P2016101900000007","104219","1","1","P2016101900000007-0108"
"455755610","45575561001","P2016101900000007","102575","1","1","P2016101900000007-0203"
"455755610","45575561001","P2016101900000007","110357","1","1","P2016101900000007-0329"
"455755610","45575561001","P2016101900000007","117433","1","1","P2016101900000007-0060"
"455755610","45575561001","P2016101900000007","106325","1","1","P2016101900000007-0192"
"455755610","45575561001","P2016101900000007","110363","1","1","P2016101900000007-0407"
"455755610","45575561001","P2016101900000007","108543","1","1","P2016101900000007-0268"
"455755610","45575561001","P2016101900000007","117251","1","1","P2016101900000007-0257"
"455755610","45575561001","P2016101900000007","106079","1","1","P2016101900000007-0034"
"455755610","45575561001","P2016101900000007","114707","1","1","P2016101900000007-0118"
"455755610","45575561001","P2016101900000007","102609","1","1","P2016101900000007-0157"
"455755610","45575561001","P2016101900000007","101125","1","1","P2016101900000007-0284"
"455755610","45575561001","P2016101900000007","100025","1","1","P2016101900000007-0306"
"455755610","45575561001","P2016101900000007","115387","1","1","P2016101900000007-0043"
"455755610","45575561001","P2016101900000007","110199","1","1","P2016101900000007-0311"
"455755610","45575561001","P2016101900000007","117425","1","1","P2016101900000007-0085"
"455755610","45575561001","P2016101900000007","113119","1","1","P2016101900000007-0490"
"455755610","45575561001","P2016101900000007","112967","1","1","P2016101900000007-0026"
"455755610","45575561001","P2016101900000007","101477","1","1","P2016101900000007-0378"
"455755610","45575561001","P2016101900000007","107253","1","1","P2016101900000007-0431"
"455755610","45575561001","P2016101900000007","106081","1","1","P2016101900000007-0274"
"455755610","45575561001","P2016101900000007","114747","1","1","P2016101900000007-0478"
"455755610","45575561001","P2016101900000007","100443","1","1","P2016101900000007-0180"
"455755610","45575561001","P2016101900000007","114755","1","1","P2016101900000007-0491"
"455755610","45575561001","P2016101900000007","117423","1","1","P2016101900000007-0391"
"455755610","45575561001","P2016101900000007","100985","1","1","P2016101900000007-0322"
"455755610","45575561001","P2016101900000007","116363","1","1","P2016101900000007-0286"
"455755610","45575561001","P2016101900000007","111103","1","1","P2016101900000007-0204"
"455755610","45575561001","P2016101900000007","102565","1","1","P2016101900000007-0269"
"455755610","45575561001","P2016101900000007","101625","1","1","P2016101900000007-0254"
"455755610","45575561001","P2016101900000007","108529","1","1","P2016101900000007-0039"
"455755610","45575561001","P2016101900000007","108515","1","1","P2016101900000007-0316"
"455755610","45575561001","P2016101900000007","117419","1","1","P2016101900000007-0271"
"455755610","45575561001","P2016101900000007","106193","1","1","P2016101900000007-0361"
"455755610","45575561001","P2016101900000007","100921","1","1","P2016101900000007-0462"
"455755610","45575561001","P2016101900000007","114965","1","1","P2016101900000007-0250"
"455755610","45575561001","P2016101900000007","101123","1","1","P2016101900000007-0401"
"455755610","45575561001","P2016101900000007","106323","1","1","P2016101900000007-0092"
"455755610","45575561001","P2016101900000007","105943","1","1","P2016101900000007-0117"
"455755610","45575561001","P2016101900000007","108505","1","1","P2016101900000007-0339"
"455755610","45575561001","P2016101900000007","111125","1","1","P2016101900000007-0084"
"455755610","45575561001","P2016101900000007","104527","1","1","P2016101900000007-0287"
"455755610","45575561001","P2016101900000007","108229","1","1","P2016101900000007-0415"
"455755610","45575561001","P2016101900000007","106321","1","1","P2016101900000007-0188"
"455755610","45575561001","P2016101900000007","105927","1","1","P2016101900000007-0212"
"455755610","45575561001","P2016101900000007","106207","1","1","P2016101900000007-0327"
"455755610","45575561001","P2016101900000007","111091","1","1","P2016101900000007-0220"
"455755610","45575561001","P2016101900000007","109405","1","1","P2016101900000007-0037"
"455755610","45575561001","P2016101900000007","106275","1","1","P2016101900000007-0183"
"455755610","45575561001","P2016101900000007","114173","1","1","P2016101900000007-0055"
"455755610","45575561001","P2016101900000007","105353","1","1","P2016101900000007-0102"
"455755610","45575561001","P2016101900000007","108545","1","1","P2016101900000007-0069"
"455755610","45575561001","P2016101900000007","114919","1","1","P2016101900000007-0128"
"455755610","45575561001","P2016101900000007","108503","1","1","P2016101900000007-0068"
"455755610","45575561001","P2016101900000007","113243","1","1","P2016101900000007-0215"
"455755610","45575561001","P2016101900000007","102595","1","1","P2016101900000007-0325"
"455755610","45575561001","P2016101900000007","113281","1","1","P2016101900000007-0053"
"455755610","45575561001","P2016101900000007","101121","1","1","P2016101900000007-0202"
"455755610","45575561001","P2016101900000007","105011","1","1","P2016101900000007-0416"
"455755610","45575561001","P2016101900000007","112969","1","1","P2016101900000007-0263"
"455755610","45575561001","P2016101900000007","113799","1","1","P2016101900000007-0253"
"455755610","45575561001","P2016101900000007","116805","1","1","P2016101900000007-0463"
"455755610","45575561001","P2016101900000007","111485","1","1","P2016101900000007-0354"
"455755610","45575561001","P2016101900000007","116787","1","1","P2016101900000007-0206"
"455755610","45575561001","P2016101900000007","112687","1","1","P2016101900000007-0256"
