ypbm,gysbm,cgsl,cgdj,bzsm
100001,100001,10000,30,马上需要
100002,100001,10000,31,马上需要
100004,100001,10000,35,马上需要
100007,100001,10000,32,马上需要
100008,100001,10000,34,马上需要
100021,100001,10000,33,马上需要
100025,100001,10000,28,马上需要
100031,100001,10000,36,马上需要
100054,100001,10000,29,马上需要
100431,100001,10000,39,马上需要
100433,100001,10000,20,马上需要
100435,100001,10000,21,马上需要
100437,100001,10000,22,马上需要
100443,100001,10000,23,马上需要
100883,100001,10000,39,马上需要
100887,100001,10000,38,马上需要
100893,100001,10000,39,马上需要
100911,100001,10000,21,马上需要
100921,100001,10000,20,马上需要
100933,100001,10000,27,马上需要
100953,100001,10000,37,马上需要
100955,100001,10000,36,马上需要
100961,100001,10000,23,马上需要
100963,100001,10000,25,马上需要
100965,100001,10000,24,马上需要
100967,100001,10000,37,马上需要
100969,100001,10000,23,马上需要
100971,100001,10000,24,马上需要
100973,100001,10000,37,马上需要
100975,100001,10000,26,马上需要
100977,100001,10000,25,马上需要
100979,100001,10000,20,马上需要
100981,100001,10000,27,马上需要
100985,100001,10000,26,马上需要
100987,100001,10000,30,马上需要
100989,100001,10000,34,马上需要
101091,100001,10000,23,马上需要
101093,100001,10000,26,马上需要
101095,100001,10000,25,马上需要
101099,100001,10000,27,马上需要
101101,100001,10000,24,马上需要
101115,100001,10000,35,马上需要
101117,100001,10000,36,马上需要
101119,100001,10000,37,马上需要
101121,100001,10000,39,马上需要
101123,100001,10000,20,马上需要
101125,100001,10000,21,马上需要
101127,100001,10000,22,马上需要
101129,100001,10000,22,马上需要
101131,100001,10000,20,马上需要
101139,100001,10000,21,马上需要
101199,100001,10000,34,马上需要
101209,100001,10000,32,马上需要
101225,100001,10000,33,马上需要
101233,100001,10000,35,马上需要
101245,100001,10000,30,马上需要
101257,100001,10000,31,马上需要
101325,100001,10000,36,马上需要
101327,100001,10000,29,马上需要
101349,100001,10000,30,马上需要
101351,100001,10000,31,马上需要
101435,100001,10000,24,马上需要
101441,100001,10000,27,马上需要
101443,100001,10000,25,马上需要
101449,100001,10000,26,马上需要
101454,100001,10000,40,马上需要
101459,100001,10000,23,马上需要
101471,100001,10000,29,马上需要
101477,100001,10000,22,马上需要
101525,100001,10000,28,马上需要
101609,100001,10000,23,马上需要
101611,100001,10000,20,马上需要
101613,100001,10000,22,马上需要
101625,100001,10000,23,马上需要
101639,100001,10000,21,马上需要
102541,100001,10000,32,马上需要
102551,100001,10000,31,马上需要
102553,100001,10000,38,马上需要
102557,100001,10000,28,马上需要
102561,100001,10000,26,马上需要
102565,100001,10000,37,马上需要
102567,100001,10000,38,马上需要
102569,100001,10000,25,马上需要
102575,100001,10000,29,马上需要
102577,100001,10000,20,马上需要
102579,100001,10000,26,马上需要
102583,100001,10000,39,马上需要
102587,100001,10000,22,马上需要
102595,100001,10000,36,马上需要
102597,100001,10000,37,马上需要
102603,100001,10000,20,马上需要
102607,100001,10000,21,马上需要
102609,100001,10000,22,马上需要
102613,100001,10000,30,马上需要
103141,100001,10000,26,马上需要
103251,100001,10000,20,马上需要
103337,100001,10000,24,马上需要
103421,100001,10000,35,马上需要
103423,100001,10000,29,马上需要
103425,100001,10000,30,马上需要
103427,100001,10000,32,马上需要
103429,100001,10000,31,马上需要
103431,100001,10000,33,马上需要
103481,100001,10000,36,马上需要
103487,100001,10000,38,马上需要
103491,100001,10000,39,马上需要
103497,100001,10000,30,马上需要
103759,100001,10000,31,马上需要
103761,100001,10000,32,马上需要
103763,100001,10000,30,马上需要
103901,100001,10000,24,马上需要
104121,100001,10000,30,马上需要
104161,100001,10000,28,马上需要
104163,100001,10000,32,马上需要
104165,100001,10000,29,马上需要
104175,100001,10000,31,马上需要
104179,100001,10000,24,马上需要
104185,100001,10000,37,马上需要
104207,100001,10000,22,马上需要
104219,100001,10000,25,马上需要
104221,100001,10000,23,马上需要
104481,100001,10000,32,马上需要
104483,100001,10000,33,马上需要
104493,100001,10000,29,马上需要
104509,100001,10000,34,马上需要
104517,100001,10000,36,马上需要
104525,100001,10000,35,马上需要
104527,100001,10000,39,马上需要
104529,100001,10000,20,马上需要
104531,100001,10000,21,马上需要
104533,100001,10000,22,马上需要
104539,100001,10000,25,马上需要
104541,100001,10000,30,马上需要
104545,100001,10000,24,马上需要
104547,100001,10000,23,马上需要
104549,100001,10000,26,马上需要
104965,100001,10000,37,马上需要
104967,100001,10000,38,马上需要
104971,100001,10000,36,马上需要
105005,100001,10000,38,马上需要
105007,100001,10000,39,马上需要
105011,100001,10000,20,马上需要
105013,100001,10000,39,马上需要
105015,100001,10000,21,马上需要
105017,100001,10000,23,马上需要
105019,100001,10000,22,马上需要
105329,100001,10000,21,马上需要
105333,100001,10000,32,马上需要
105335,100001,10000,24,马上需要
105341,100001,10000,31,马上需要
105343,100001,10000,20,马上需要
105353,100001,10000,30,马上需要
105357,100001,10000,39,马上需要
105365,100001,10000,23,马上需要
105367,100001,10000,23,马上需要
105371,100001,10000,22,马上需要
105373,100001,10000,38,马上需要
105603,100001,10000,32,马上需要
105607,100001,10000,33,马上需要
105923,100001,10000,37,马上需要
105927,100001,10000,36,马上需要
105933,100001,10000,38,马上需要
105943,100001,10000,36,马上需要
106065,100001,10000,24,马上需要
106075,100001,10000,27,马上需要
106077,100001,10000,26,马上需要
106079,100001,10000,28,马上需要
106081,100001,10000,29,马上需要
106133,100001,10000,23,马上需要
106171,100001,10000,38,马上需要
106187,100001,10000,37,马上需要
106189,100001,10000,27,马上需要
106193,100001,10000,28,马上需要
106203,100001,10000,36,马上需要
106207,100001,10000,27,马上需要
106209,100001,10000,24,马上需要
106211,100001,10000,35,马上需要
106219,100001,10000,25,马上需要
106221,100001,10000,24,马上需要
106223,100001,10000,23,马上需要
106225,100001,10000,38,马上需要
106247,100001,10000,26,马上需要
106249,100001,10000,28,马上需要
106265,100001,10000,25,马上需要
106271,100001,10000,39,马上需要
106275,100001,10000,26,马上需要
106295,100001,10000,39,马上需要
106319,100001,10000,23,马上需要
106321,100001,10000,24,马上需要
106323,100001,10000,25,马上需要
106325,100001,10000,37,马上需要
106327,100001,10000,36,马上需要
107231,100001,10000,20,马上需要
107233,100001,10000,36,马上需要
107235,100001,10000,38,马上需要
107237,100001,10000,35,马上需要
107241,100001,10000,23,马上需要
107253,100001,10000,37,马上需要
107264,100001,10000,24,马上需要
107265,100001,10000,29,马上需要
107277,100001,10000,34,马上需要
107279,100001,10000,28,马上需要
107287,100001,10000,35,马上需要
107289,100001,10000,36,马上需要
107291,100001,10000,37,马上需要
108109,100001,10000,33,马上需要
108115,100001,10000,23,马上需要
108117,100001,10000,24,马上需要
108137,100001,10000,23,马上需要
108139,100001,10000,22,马上需要
108149,100001,10000,23,马上需要
108153,100001,10000,34,马上需要
108167,100001,10000,36,马上需要
108171,100001,10000,33,马上需要
108177,100001,10000,37,马上需要
108185,100001,10000,32,马上需要
108187,100001,10000,35,马上需要
108219,100001,10000,28,马上需要
108221,100001,10000,35,马上需要
108225,100001,10000,29,马上需要
108229,100001,10000,27,马上需要
108233,100001,10000,34,马上需要
108235,100001,10000,30,马上需要
108255,100001,10000,31,马上需要
108341,100001,10000,27,马上需要
108343,100001,10000,37,马上需要
108487,100001,10000,27,马上需要
108501,100001,10000,26,马上需要
108503,100001,10000,27,马上需要
108505,100001,10000,28,马上需要
108507,100001,10000,24,马上需要
108509,100001,10000,25,马上需要
108511,100001,10000,26,马上需要
108513,100001,10000,39,马上需要
108515,100001,10000,20,马上需要
108517,100001,10000,20,马上需要
108519,100001,10000,38,马上需要
108521,100001,10000,39,马上需要
108523,100001,10000,31,马上需要
108525,100001,10000,29,马上需要
108527,100001,10000,30,马上需要
108529,100001,10000,28,马上需要
108531,100001,10000,22,马上需要
108537,100001,10000,39,马上需要
