DDJHBH,GYSBM,DDJHMXBH
X2016101400000004,100001,X2016101400000004-0001
X2016101400000004,100001,X2016101400000004-0002
X2016101400000004,100001,X2016101400000004-0003
X2016101400000004,100001,X2016101400000004-0004
X2016101400000004,100001,X2016101400000004-0005
X2016101400000004,100001,X2016101400000004-0006
X2016101400000004,100001,X2016101400000004-0007
X2016101400000004,100001,X2016101400000004-0008
X2016101400000004,100001,X2016101400000004-0009
X2016101400000004,100001,X2016101400000004-0010
X2016101400000004,100001,X2016101400000004-0011
X2016101400000004,100001,X2016101400000004-0012
X2016101400000004,100001,X2016101400000004-0013
X2016101400000004,100001,X2016101400000004-0014
X2016101400000004,100001,X2016101400000004-0015
X2016101400000004,100001,X2016101400000004-0016
X2016101400000004,100001,X2016101400000004-0017
X2016101400000004,100001,X2016101400000004-0018
X2016101400000004,100001,X2016101400000004-0019
X2016101400000004,100001,X2016101400000004-0020
X2016101400000004,100001,X2016101400000004-0021
X2016101400000004,100001,X2016101400000004-0022
X2016101400000004,100001,X2016101400000004-0023
X2016101400000004,100001,X2016101400000004-0024
X2016101400000004,100001,X2016101400000004-0025
X2016101400000004,100001,X2016101400000004-0026
X2016101400000004,100001,X2016101400000004-0027
X2016101400000004,100001,X2016101400000004-0028
X2016101400000004,100001,X2016101400000004-0029
X2016101400000004,100001,X2016101400000004-0030
X2016101400000004,100001,X2016101400000004-0031
X2016101400000004,100001,X2016101400000004-0032
X2016101400000004,100001,X2016101400000004-0033
X2016101400000004,100001,X2016101400000004-0034
X2016101400000004,100001,X2016101400000004-0035
X2016101400000004,100001,X2016101400000004-0036
X2016101400000004,100001,X2016101400000004-0037
X2016101400000004,100001,X2016101400000004-0038
X2016101400000004,100001,X2016101400000004-0039
X2016101400000004,100001,X2016101400000004-0040
X2016101400000004,100001,X2016101400000004-0041
X2016101400000004,100001,X2016101400000004-0042
X2016101400000004,100001,X2016101400000004-0043
X2016101400000004,100001,X2016101400000004-0044
X2016101400000004,100001,X2016101400000004-0045
X2016101400000004,100001,X2016101400000004-0046
X2016101400000004,100001,X2016101400000004-0047
X2016101400000004,100001,X2016101400000004-0048
X2016101400000004,100001,X2016101400000004-0049
X2016101400000004,100001,X2016101400000004-0050
X2016101400000004,100001,X2016101400000004-0051
X2016101400000004,100001,X2016101400000004-0052
X2016101400000004,100001,X2016101400000004-0053
X2016101400000004,100001,X2016101400000004-0054
X2016101400000004,100001,X2016101400000004-0055
X2016101400000004,100001,X2016101400000004-0056
X2016101400000004,100001,X2016101400000004-0057
X2016101400000004,100001,X2016101400000004-0058
X2016101400000004,100001,X2016101400000004-0059
X2016101400000004,100001,X2016101400000004-0060
X2016101400000004,100001,X2016101400000004-0061
X2016101400000004,100001,X2016101400000004-0062
X2016101400000004,100001,X2016101400000004-0063
X2016101400000004,100001,X2016101400000004-0064
X2016101400000004,100001,X2016101400000004-0065
X2016101400000004,100001,X2016101400000004-0066
X2016101400000004,100001,X2016101400000004-0067
X2016101400000004,100001,X2016101400000004-0068
X2016101400000004,100001,X2016101400000004-0069
X2016101400000004,100001,X2016101400000004-0070
X2016101400000004,100001,X2016101400000004-0071
X2016101400000004,100001,X2016101400000004-0072
X2016101400000004,100001,X2016101400000004-0073
X2016101400000004,100001,X2016101400000004-0074
X2016101400000004,100001,X2016101400000004-0075
X2016101400000004,100001,X2016101400000004-0076
X2016101400000004,100001,X2016101400000004-0077
X2016101400000004,100001,X2016101400000004-0078
X2016101400000004,100001,X2016101400000004-0079
X2016101400000004,100001,X2016101400000004-0080
X2016101400000004,100001,X2016101400000004-0081
X2016101400000004,100001,X2016101400000004-0082
X2016101400000004,100001,X2016101400000004-0083
X2016101400000004,100001,X2016101400000004-0084
X2016101400000004,100001,X2016101400000004-0085
X2016101400000004,100001,X2016101400000004-0086
X2016101400000004,100001,X2016101400000004-0087
X2016101400000004,100001,X2016101400000004-0088
X2016101400000004,100001,X2016101400000004-0089
X2016101400000004,100001,X2016101400000004-0090
X2016101400000004,100001,X2016101400000004-0091
X2016101400000004,100001,X2016101400000004-0092
X2016101400000004,100001,X2016101400000004-0093
X2016101400000004,100001,X2016101400000004-0094
X2016101400000004,100001,X2016101400000004-0095
X2016101400000004,100001,X2016101400000004-0096
X2016101400000004,100001,X2016101400000004-0097
X2016101400000004,100001,X2016101400000004-0098
X2016101400000004,100001,X2016101400000004-0099
X2016101400000004,100001,X2016101400000004-0100
X2016101400000004,100001,X2016101400000004-0101
X2016101400000004,100001,X2016101400000004-0102
X2016101400000004,100001,X2016101400000004-0103
X2016101400000004,100001,X2016101400000004-0104
X2016101400000004,100001,X2016101400000004-0105
X2016101400000004,100001,X2016101400000004-0106
X2016101400000004,100001,X2016101400000004-0107
X2016101400000004,100001,X2016101400000004-0108
X2016101400000004,100001,X2016101400000004-0109
X2016101400000004,100001,X2016101400000004-0110
X2016101400000004,100001,X2016101400000004-0111
X2016101400000004,100001,X2016101400000004-0112
X2016101400000004,100001,X2016101400000004-0113
X2016101400000004,100001,X2016101400000004-0114
X2016101400000004,100001,X2016101400000004-0115
X2016101400000004,100001,X2016101400000004-0116
X2016101400000004,100001,X2016101400000004-0117
X2016101400000004,100001,X2016101400000004-0118
X2016101400000004,100001,X2016101400000004-0119
X2016101400000004,100001,X2016101400000004-0120
X2016101400000004,100001,X2016101400000004-0121
X2016101400000004,100001,X2016101400000004-0122
X2016101400000004,100001,X2016101400000004-0123
X2016101400000004,100001,X2016101400000004-0124
X2016101400000004,100001,X2016101400000004-0125
X2016101400000004,100001,X2016101400000004-0126
X2016101400000004,100001,X2016101400000004-0127
X2016101400000004,100001,X2016101400000004-0128
X2016101400000004,100001,X2016101400000004-0129
X2016101400000004,100001,X2016101400000004-0130
X2016101400000004,100001,X2016101400000004-0131
X2016101400000004,100001,X2016101400000004-0132
X2016101400000004,100001,X2016101400000004-0133
X2016101400000004,100001,X2016101400000004-0134
X2016101400000004,100001,X2016101400000004-0135
X2016101400000004,100001,X2016101400000004-0136
X2016101400000004,100001,X2016101400000004-0137
X2016101400000004,100001,X2016101400000004-0138
X2016101400000004,100001,X2016101400000004-0139
X2016101400000004,100001,X2016101400000004-0140
X2016101400000004,100001,X2016101400000004-0141
X2016101400000004,100001,X2016101400000004-0142
X2016101400000004,100001,X2016101400000004-0143
X2016101400000004,100001,X2016101400000004-0144
X2016101400000004,100001,X2016101400000004-0145
X2016101400000004,100001,X2016101400000004-0146
X2016101400000004,100001,X2016101400000004-0147
X2016101400000004,100001,X2016101400000004-0148
X2016101400000004,100001,X2016101400000004-0149
X2016101400000004,100001,X2016101400000004-0150
X2016101400000004,100001,X2016101400000004-0151
X2016101400000004,100001,X2016101400000004-0152
X2016101400000004,100001,X2016101400000004-0153
X2016101400000004,100001,X2016101400000004-0154
X2016101400000004,100001,X2016101400000004-0155
X2016101400000004,100001,X2016101400000004-0156
X2016101400000004,100001,X2016101400000004-0157
X2016101400000004,100001,X2016101400000004-0158
X2016101400000004,100001,X2016101400000004-0159
X2016101400000004,100001,X2016101400000004-0160
X2016101400000004,100001,X2016101400000004-0161
X2016101400000004,100001,X2016101400000004-0162
X2016101400000004,100001,X2016101400000004-0163
X2016101400000004,100001,X2016101400000004-0164
X2016101400000004,100001,X2016101400000004-0165
X2016101400000004,100001,X2016101400000004-0166
X2016101400000004,100001,X2016101400000004-0167
X2016101400000004,100001,X2016101400000004-0168
X2016101400000004,100001,X2016101400000004-0169
X2016101400000004,100001,X2016101400000004-0170
X2016101400000004,100001,X2016101400000004-0171
X2016101400000004,100001,X2016101400000004-0172
X2016101400000004,100001,X2016101400000004-0173
X2016101400000004,100001,X2016101400000004-0174
X2016101400000004,100001,X2016101400000004-0175
X2016101400000004,100001,X2016101400000004-0176
X2016101400000004,100001,X2016101400000004-0177
X2016101400000004,100001,X2016101400000004-0178
X2016101400000004,100001,X2016101400000004-0179
X2016101400000004,100001,X2016101400000004-0180
X2016101400000004,100001,X2016101400000004-0181
X2016101400000004,100001,X2016101400000004-0182
X2016101400000004,100001,X2016101400000004-0183
X2016101400000004,100001,X2016101400000004-0184
X2016101400000004,100001,X2016101400000004-0185
X2016101400000004,100001,X2016101400000004-0186
X2016101400000004,100001,X2016101400000004-0187
X2016101400000004,100001,X2016101400000004-0188
X2016101400000004,100001,X2016101400000004-0189
X2016101400000004,100001,X2016101400000004-0190
X2016101400000004,100001,X2016101400000004-0191
X2016101400000004,100001,X2016101400000004-0192
X2016101400000004,100001,X2016101400000004-0193
X2016101400000004,100001,X2016101400000004-0194
X2016101400000004,100001,X2016101400000004-0195
X2016101400000004,100001,X2016101400000004-0196
X2016101400000004,100001,X2016101400000004-0197
X2016101400000004,100001,X2016101400000004-0198
X2016101400000004,100001,X2016101400000004-0199
X2016101400000004,100001,X2016101400000004-0200
X2016101400000004,100001,X2016101400000004-0201
X2016101400000004,100001,X2016101400000004-0202
X2016101400000004,100001,X2016101400000004-0203
X2016101400000004,100001,X2016101400000004-0204
X2016101400000004,100001,X2016101400000004-0205
X2016101400000004,100001,X2016101400000004-0206
X2016101400000004,100001,X2016101400000004-0207
X2016101400000004,100001,X2016101400000004-0208
X2016101400000004,100001,X2016101400000004-0209
X2016101400000004,100001,X2016101400000004-0210
X2016101400000004,100001,X2016101400000004-0211
X2016101400000004,100001,X2016101400000004-0212
X2016101400000004,100001,X2016101400000004-0213
X2016101400000004,100001,X2016101400000004-0214
X2016101400000004,100001,X2016101400000004-0215
X2016101400000004,100001,X2016101400000004-0216
X2016101400000004,100001,X2016101400000004-0217
X2016101400000004,100001,X2016101400000004-0218
X2016101400000004,100001,X2016101400000004-0219
X2016101400000004,100001,X2016101400000004-0220
X2016101400000004,100001,X2016101400000004-0221
X2016101400000004,100001,X2016101400000004-0222
X2016101400000004,100001,X2016101400000004-0223
X2016101400000004,100001,X2016101400000004-0224
X2016101400000004,100001,X2016101400000004-0225
X2016101400000004,100001,X2016101400000004-0226
X2016101400000004,100001,X2016101400000004-0227
X2016101400000004,100001,X2016101400000004-0228
X2016101400000004,100001,X2016101400000004-0229
X2016101400000004,100001,X2016101400000004-0230
X2016101400000004,100001,X2016101400000004-0231
X2016101400000004,100001,X2016101400000004-0232
X2016101400000004,100001,X2016101400000004-0233
X2016101400000004,100001,X2016101400000004-0234
X2016101400000004,100001,X2016101400000004-0235
X2016101400000004,100001,X2016101400000004-0236
X2016101400000004,100001,X2016101400000004-0237
X2016101400000004,100001,X2016101400000004-0238
X2016101400000004,100001,X2016101400000004-0239
X2016101400000004,100001,X2016101400000004-0240
X2016101400000004,100001,X2016101400000004-0241
X2016101400000004,100001,X2016101400000004-0242
X2016101400000004,100001,X2016101400000004-0243
X2016101400000004,100001,X2016101400000004-0244
X2016101400000004,100001,X2016101400000004-0245
X2016101400000004,100001,X2016101400000004-0246
X2016101400000004,100001,X2016101400000004-0247
X2016101400000004,100001,X2016101400000004-0248
X2016101400000004,100001,X2016101400000004-0249
X2016101400000004,100001,X2016101400000004-0250
X2016101400000004,100001,X2016101400000004-0251
X2016101400000004,100001,X2016101400000004-0252
X2016101400000004,100001,X2016101400000004-0253
X2016101400000004,100001,X2016101400000004-0254
X2016101400000004,100001,X2016101400000004-0255
X2016101400000004,100001,X2016101400000004-0256
X2016101400000004,100001,X2016101400000004-0257
X2016101400000004,100001,X2016101400000004-0258
X2016101400000004,100001,X2016101400000004-0259
X2016101400000004,100001,X2016101400000004-0260
X2016101400000004,100001,X2016101400000004-0261
X2016101400000004,100001,X2016101400000004-0262
X2016101400000004,100001,X2016101400000004-0263
X2016101400000004,100001,X2016101400000004-0264
X2016101400000004,100001,X2016101400000004-0265
X2016101400000004,100001,X2016101400000004-0266
X2016101400000004,100001,X2016101400000004-0267
X2016101400000004,100001,X2016101400000004-0268
X2016101400000004,100001,X2016101400000004-0269
X2016101400000004,100001,X2016101400000004-0270
X2016101400000004,100001,X2016101400000004-0271
X2016101400000004,100001,X2016101400000004-0272
X2016101400000004,100001,X2016101400000004-0273
X2016101400000004,100001,X2016101400000004-0274
X2016101400000004,100001,X2016101400000004-0275
X2016101400000004,100001,X2016101400000004-0276
X2016101400000004,100001,X2016101400000004-0277
X2016101400000004,100001,X2016101400000004-0278
X2016101400000004,100001,X2016101400000004-0279
X2016101400000004,100001,X2016101400000004-0280
X2016101400000004,100001,X2016101400000004-0281
X2016101400000004,100001,X2016101400000004-0282
X2016101400000004,100001,X2016101400000004-0283
X2016101400000004,100001,X2016101400000004-0284
X2016101400000004,100001,X2016101400000004-0285
X2016101400000004,100001,X2016101400000004-0286
X2016101400000004,100001,X2016101400000004-0287
X2016101400000004,100001,X2016101400000004-0288
X2016101400000004,100001,X2016101400000004-0289
X2016101400000004,100001,X2016101400000004-0290
X2016101400000004,100001,X2016101400000004-0291
X2016101400000004,100001,X2016101400000004-0292
X2016101400000004,100001,X2016101400000004-0293
X2016101400000004,100001,X2016101400000004-0294
X2016101400000004,100001,X2016101400000004-0295
X2016101400000004,100001,X2016101400000004-0296
X2016101400000004,100001,X2016101400000004-0297
X2016101400000004,100001,X2016101400000004-0298
X2016101400000004,100001,X2016101400000004-0299
X2016101400000004,100001,X2016101400000004-0300
X2016101400000004,100001,X2016101400000004-0301
X2016101400000004,100001,X2016101400000004-0302
X2016101400000004,100001,X2016101400000004-0303
X2016101400000004,100001,X2016101400000004-0304
X2016101400000004,100001,X2016101400000004-0305
X2016101400000004,100001,X2016101400000004-0306
X2016101400000004,100001,X2016101400000004-0307
X2016101400000004,100001,X2016101400000004-0308
X2016101400000004,100001,X2016101400000004-0309
X2016101400000004,100001,X2016101400000004-0310
X2016101400000004,100001,X2016101400000004-0311
X2016101400000004,100001,X2016101400000004-0312
X2016101400000004,100001,X2016101400000004-0313
X2016101400000004,100001,X2016101400000004-0314
X2016101400000004,100001,X2016101400000004-0315
X2016101400000004,100001,X2016101400000004-0316
X2016101400000004,100001,X2016101400000004-0317
X2016101400000004,100001,X2016101400000004-0318
X2016101400000004,100001,X2016101400000004-0319
X2016101400000004,100001,X2016101400000004-0320
X2016101400000004,100001,X2016101400000004-0321
X2016101400000004,100001,X2016101400000004-0322
X2016101400000004,100001,X2016101400000004-0323
X2016101400000004,100001,X2016101400000004-0324
X2016101400000004,100001,X2016101400000004-0325
X2016101400000004,100001,X2016101400000004-0326
X2016101400000004,100001,X2016101400000004-0327
X2016101400000004,100001,X2016101400000004-0328
X2016101400000004,100001,X2016101400000004-0329
X2016101400000004,100001,X2016101400000004-0330
X2016101400000004,100001,X2016101400000004-0331
X2016101400000004,100001,X2016101400000004-0332
X2016101400000004,100001,X2016101400000004-0333
X2016101400000004,100001,X2016101400000004-0334
X2016101400000004,100001,X2016101400000004-0335
X2016101400000004,100001,X2016101400000004-0336
X2016101400000004,100001,X2016101400000004-0337
X2016101400000004,100001,X2016101400000004-0338
X2016101400000004,100001,X2016101400000004-0339
X2016101400000004,100001,X2016101400000004-0340
X2016101400000004,100001,X2016101400000004-0341
X2016101400000004,100001,X2016101400000004-0342
X2016101400000004,100001,X2016101400000004-0343
X2016101400000004,100001,X2016101400000004-0344
X2016101400000004,100001,X2016101400000004-0345
X2016101400000004,100001,X2016101400000004-0346
X2016101400000004,100001,X2016101400000004-0347
X2016101400000004,100001,X2016101400000004-0348
X2016101400000004,100001,X2016101400000004-0349
X2016101400000004,100001,X2016101400000004-0350
X2016101400000004,100001,X2016101400000004-0351
X2016101400000004,100001,X2016101400000004-0352
X2016101400000004,100001,X2016101400000004-0353
X2016101400000004,100001,X2016101400000004-0354
X2016101400000004,100001,X2016101400000004-0355
X2016101400000004,100001,X2016101400000004-0356
X2016101400000004,100001,X2016101400000004-0357
X2016101400000004,100001,X2016101400000004-0358
X2016101400000004,100001,X2016101400000004-0359
X2016101400000004,100001,X2016101400000004-0360
X2016101400000004,100001,X2016101400000004-0361
X2016101400000004,100001,X2016101400000004-0362
X2016101400000004,100001,X2016101400000004-0363
X2016101400000004,100001,X2016101400000004-0364
X2016101400000004,100001,X2016101400000004-0365
X2016101400000004,100001,X2016101400000004-0366
X2016101400000004,100001,X2016101400000004-0367
X2016101400000004,100001,X2016101400000004-0368
X2016101400000004,100001,X2016101400000004-0369
X2016101400000004,100001,X2016101400000004-0370
X2016101400000004,100001,X2016101400000004-0371
X2016101400000004,100001,X2016101400000004-0372
X2016101400000004,100001,X2016101400000004-0373
X2016101400000004,100001,X2016101400000004-0374
X2016101400000004,100001,X2016101400000004-0375
X2016101400000004,100001,X2016101400000004-0376
X2016101400000004,100001,X2016101400000004-0377
X2016101400000004,100001,X2016101400000004-0378
X2016101400000004,100001,X2016101400000004-0379
X2016101400000004,100001,X2016101400000004-0380
X2016101400000004,100001,X2016101400000004-0381
X2016101400000004,100001,X2016101400000004-0382
X2016101400000004,100001,X2016101400000004-0383
X2016101400000004,100001,X2016101400000004-0384
X2016101400000004,100001,X2016101400000004-0385
X2016101400000004,100001,X2016101400000004-0386
X2016101400000004,100001,X2016101400000004-0387
X2016101400000004,100001,X2016101400000004-0388
X2016101400000004,100001,X2016101400000004-0389
X2016101400000004,100001,X2016101400000004-0390
X2016101400000004,100001,X2016101400000004-0391
X2016101400000004,100001,X2016101400000004-0392
X2016101400000004,100001,X2016101400000004-0393
X2016101400000004,100001,X2016101400000004-0394
X2016101400000004,100001,X2016101400000004-0395
X2016101400000004,100001,X2016101400000004-0396
X2016101400000004,100001,X2016101400000004-0397
X2016101400000004,100001,X2016101400000004-0398
X2016101400000004,100001,X2016101400000004-0399
X2016101400000004,100001,X2016101400000004-0400
X2016101400000004,100001,X2016101400000004-0401
X2016101400000004,100001,X2016101400000004-0402
X2016101400000004,100001,X2016101400000004-0403
X2016101400000004,100001,X2016101400000004-0404
X2016101400000004,100001,X2016101400000004-0405
X2016101400000004,100001,X2016101400000004-0406
X2016101400000004,100001,X2016101400000004-0407
X2016101400000004,100001,X2016101400000004-0408
X2016101400000004,100001,X2016101400000004-0409
X2016101400000004,100001,X2016101400000004-0410
X2016101400000004,100001,X2016101400000004-0411
X2016101400000004,100001,X2016101400000004-0412
X2016101400000004,100001,X2016101400000004-0413
X2016101400000004,100001,X2016101400000004-0414
X2016101400000004,100001,X2016101400000004-0415
X2016101400000004,100001,X2016101400000004-0416
X2016101400000004,100001,X2016101400000004-0417
X2016101400000004,100001,X2016101400000004-0418
X2016101400000004,100001,X2016101400000004-0419
X2016101400000004,100001,X2016101400000004-0420
X2016101400000004,100001,X2016101400000004-0421
X2016101400000004,100001,X2016101400000004-0422
X2016101400000004,100001,X2016101400000004-0423
X2016101400000004,100001,X2016101400000004-0424
X2016101400000004,100001,X2016101400000004-0425
X2016101400000004,100001,X2016101400000004-0426
X2016101400000004,100001,X2016101400000004-0427
X2016101400000004,100001,X2016101400000004-0428
X2016101400000004,100001,X2016101400000004-0429
X2016101400000004,100001,X2016101400000004-0430
X2016101400000004,100001,X2016101400000004-0431
X2016101400000004,100001,X2016101400000004-0432
X2016101400000004,100001,X2016101400000004-0433
X2016101400000004,100001,X2016101400000004-0434
X2016101400000004,100001,X2016101400000004-0435
X2016101400000004,100001,X2016101400000004-0436
X2016101400000004,100001,X2016101400000004-0437
X2016101400000004,100001,X2016101400000004-0438
X2016101400000004,100001,X2016101400000004-0439
X2016101400000004,100001,X2016101400000004-0440
X2016101400000004,100001,X2016101400000004-0441
X2016101400000004,100001,X2016101400000004-0442
X2016101400000004,100001,X2016101400000004-0443
X2016101400000004,100001,X2016101400000004-0444
X2016101400000004,100001,X2016101400000004-0445
X2016101400000004,100001,X2016101400000004-0446
X2016101400000004,100001,X2016101400000004-0447
X2016101400000004,100001,X2016101400000004-0448
X2016101400000004,100001,X2016101400000004-0449
X2016101400000004,100001,X2016101400000004-0450
X2016101400000004,100001,X2016101400000004-0451
X2016101400000004,100001,X2016101400000004-0452
X2016101400000004,100001,X2016101400000004-0453
X2016101400000004,100001,X2016101400000004-0454
X2016101400000004,100001,X2016101400000004-0455
X2016101400000004,100001,X2016101400000004-0456
X2016101400000004,100001,X2016101400000004-0457
X2016101400000004,100001,X2016101400000004-0458
X2016101400000004,100001,X2016101400000004-0459
X2016101400000004,100001,X2016101400000004-0460
X2016101400000004,100001,X2016101400000004-0461
X2016101400000004,100001,X2016101400000004-0462
X2016101400000004,100001,X2016101400000004-0463
X2016101400000004,100001,X2016101400000004-0464
X2016101400000004,100001,X2016101400000004-0465
X2016101400000004,100001,X2016101400000004-0466
X2016101400000004,100001,X2016101400000004-0467
X2016101400000004,100001,X2016101400000004-0468
X2016101400000004,100001,X2016101400000004-0469
X2016101400000004,100001,X2016101400000004-0470
X2016101400000004,100001,X2016101400000004-0471
X2016101400000004,100001,X2016101400000004-0472
X2016101400000004,100001,X2016101400000004-0473
X2016101400000004,100001,X2016101400000004-0474
X2016101400000004,100001,X2016101400000004-0475
X2016101400000004,100001,X2016101400000004-0476
X2016101400000004,100001,X2016101400000004-0477
X2016101400000004,100001,X2016101400000004-0478
X2016101400000004,100001,X2016101400000004-0479
X2016101400000004,100001,X2016101400000004-0480
X2016101400000004,100001,X2016101400000004-0481
X2016101400000004,100001,X2016101400000004-0482
X2016101400000004,100001,X2016101400000004-0483
X2016101400000004,100001,X2016101400000004-0484
X2016101400000004,100001,X2016101400000004-0485
X2016101400000004,100001,X2016101400000004-0486
X2016101400000004,100001,X2016101400000004-0487
X2016101400000004,100001,X2016101400000004-0488
X2016101400000004,100001,X2016101400000004-0489
X2016101400000004,100001,X2016101400000004-0490
X2016101400000004,100001,X2016101400000004-0491
X2016101400000004,100001,X2016101400000004-0492
X2016101400000004,100001,X2016101400000004-0493
X2016101400000004,100001,X2016101400000004-0494
X2016101400000004,100001,X2016101400000004-0495
X2016101400000004,100001,X2016101400000004-0496
X2016101400000004,100001,X2016101400000004-0497
X2016101400000004,100001,X2016101400000004-0498
X2016101400000004,100001,X2016101400000004-0499
X2016101400000004,100001,X2016101400000004-0500
X2016101400000004,100001,X2016101400000004-0501
X2016101400000004,100001,X2016101400000004-0502
X2016101400000004,100001,X2016101400000004-0503
X2016101400000004,100001,X2016101400000004-0504
X2016101400000004,100001,X2016101400000004-0505
X2016101400000004,100001,X2016101400000004-0506
X2016101400000004,100001,X2016101400000004-0507
X2016101400000004,100001,X2016101400000004-0508
X2016101400000004,100001,X2016101400000004-0509
X2016101400000004,100001,X2016101400000004-0510
X2016101400000004,100001,X2016101400000004-0511
X2016101400000004,100001,X2016101400000004-0512
X2016101400000004,100001,X2016101400000004-0513
X2016101400000004,100001,X2016101400000004-0514
X2016101400000004,100001,X2016101400000004-0515
X2016101400000004,100001,X2016101400000004-0516
X2016101400000004,100001,X2016101400000004-0517
X2016101400000004,100001,X2016101400000004-0518
X2016101400000004,100001,X2016101400000004-0519
X2016101400000004,100001,X2016101400000004-0520
X2016101400000004,100001,X2016101400000004-0521
X2016101400000004,100001,X2016101400000004-0522
X2016101400000004,100001,X2016101400000004-0523
X2016101400000004,100001,X2016101400000004-0524
X2016101400000004,100001,X2016101400000004-0525
X2016101400000004,100001,X2016101400000004-0526
X2016101400000004,100001,X2016101400000004-0527
X2016101400000004,100001,X2016101400000004-0528
X2016101400000004,100001,X2016101400000004-0529
X2016101400000004,100001,X2016101400000004-0530
X2016101400000004,100001,X2016101400000004-0531
X2016101400000004,100001,X2016101400000004-0532
X2016101400000004,100001,X2016101400000004-0533
X2016101400000004,100001,X2016101400000004-0534
X2016101400000004,100001,X2016101400000004-0535
X2016101400000004,100001,X2016101400000004-0536
X2016101400000004,100001,X2016101400000004-0537
X2016101400000004,100001,X2016101400000004-0538
X2016101400000004,100001,X2016101400000004-0539
X2016101400000004,100001,X2016101400000004-0540
X2016101400000004,100001,X2016101400000004-0541
X2016101400000004,100001,X2016101400000004-0542
X2016101400000004,100001,X2016101400000004-0543
X2016101400000004,100001,X2016101400000004-0544
X2016101400000004,100001,X2016101400000004-0545
X2016101400000004,100001,X2016101400000004-0546
X2016101400000004,100001,X2016101400000004-0547
X2016101400000004,100001,X2016101400000004-0548
X2016101400000004,100001,X2016101400000004-0549
X2016101400000004,100001,X2016101400000004-0550
X2016101400000004,100001,X2016101400000004-0551
X2016101400000004,100001,X2016101400000004-0552
X2016101400000004,100001,X2016101400000004-0553
X2016101400000004,100001,X2016101400000004-0554
X2016101400000004,100001,X2016101400000004-0555
X2016101400000004,100001,X2016101400000004-0556
X2016101400000004,100001,X2016101400000004-0557
X2016101400000004,100001,X2016101400000004-0558
X2016101400000004,100001,X2016101400000004-0559
X2016101400000004,100001,X2016101400000004-0560
X2016101400000004,100001,X2016101400000004-0561
X2016101400000004,100001,X2016101400000004-0562
X2016101400000004,100001,X2016101400000004-0563
X2016101400000004,100001,X2016101400000004-0564
X2016101400000004,100001,X2016101400000004-0565
X2016101400000004,100001,X2016101400000004-0566
X2016101400000004,100001,X2016101400000004-0567
X2016101400000004,100001,X2016101400000004-0568
X2016101400000004,100001,X2016101400000004-0569
X2016101400000004,100001,X2016101400000004-0570
X2016101400000004,100001,X2016101400000004-0571
X2016101400000004,100001,X2016101400000004-0572
X2016101400000004,100001,X2016101400000004-0573
X2016101400000004,100001,X2016101400000004-0574
X2016101400000004,100001,X2016101400000004-0575
X2016101400000004,100001,X2016101400000004-0576
X2016101400000004,100001,X2016101400000004-0577
X2016101400000004,100001,X2016101400000004-0578
X2016101400000004,100001,X2016101400000004-0579
X2016101400000004,100001,X2016101400000004-0580
X2016101400000004,100001,X2016101400000004-0581
X2016101400000004,100001,X2016101400000004-0582
X2016101400000004,100001,X2016101400000004-0583
X2016101400000004,100001,X2016101400000004-0584
X2016101400000004,100001,X2016101400000004-0585
X2016101400000004,100001,X2016101400000004-0586
X2016101400000004,100001,X2016101400000004-0587
X2016101400000004,100001,X2016101400000004-0588
X2016101400000004,100001,X2016101400000004-0589
X2016101400000004,100001,X2016101400000004-0590
X2016101400000004,100001,X2016101400000004-0591
X2016101400000004,100001,X2016101400000004-0592
X2016101400000004,100001,X2016101400000004-0593
X2016101400000004,100001,X2016101400000004-0594
X2016101400000004,100001,X2016101400000004-0595
X2016101400000004,100001,X2016101400000004-0596
X2016101400000004,100001,X2016101400000004-0597
X2016101400000004,100001,X2016101400000004-0598
X2016101400000004,100001,X2016101400000004-0599
X2016101400000004,100001,X2016101400000004-0600
X2016101400000004,100001,X2016101400000004-0601
X2016101400000004,100001,X2016101400000004-0602
X2016101400000004,100001,X2016101400000004-0603
X2016101400000004,100001,X2016101400000004-0604
X2016101400000004,100001,X2016101400000004-0605
X2016101400000004,100001,X2016101400000004-0606
X2016101400000004,100001,X2016101400000004-0607
X2016101400000004,100001,X2016101400000004-0608
X2016101400000004,100001,X2016101400000004-0609
X2016101400000004,100001,X2016101400000004-0610
X2016101400000004,100001,X2016101400000004-0611
X2016101400000004,100001,X2016101400000004-0612
X2016101400000004,100001,X2016101400000004-0613
X2016101400000004,100001,X2016101400000004-0614
X2016101400000004,100001,X2016101400000004-0615
X2016101400000004,100001,X2016101400000004-0616
X2016101400000004,100001,X2016101400000004-0617
X2016101400000004,100001,X2016101400000004-0618
X2016101400000004,100001,X2016101400000004-0619
X2016101400000004,100001,X2016101400000004-0620
X2016101400000004,100001,X2016101400000004-0621
X2016101400000004,100001,X2016101400000004-0622
X2016101400000004,100001,X2016101400000004-0623
X2016101400000004,100001,X2016101400000004-0624
X2016101400000004,100001,X2016101400000004-0625
X2016101400000004,100001,X2016101400000004-0626
X2016101400000004,100001,X2016101400000004-0627
X2016101400000004,100001,X2016101400000004-0628
X2016101400000004,100001,X2016101400000004-0629
X2016101400000004,100001,X2016101400000004-0630
X2016101400000004,100001,X2016101400000004-0631
X2016101400000004,100001,X2016101400000004-0632
X2016101400000004,100001,X2016101400000004-0633
X2016101400000004,100001,X2016101400000004-0634
X2016101400000004,100001,X2016101400000004-0635
X2016101400000004,100001,X2016101400000004-0636
X2016101400000004,100001,X2016101400000004-0637
X2016101400000004,100001,X2016101400000004-0638
X2016101400000004,100001,X2016101400000004-0639
X2016101400000004,100001,X2016101400000004-0640
X2016101400000004,100001,X2016101400000004-0641
X2016101400000004,100001,X2016101400000004-0642
X2016101400000004,100001,X2016101400000004-0643
X2016101400000004,100001,X2016101400000004-0644
X2016101400000004,100001,X2016101400000004-0645
X2016101400000004,100001,X2016101400000004-0646
X2016101400000004,100001,X2016101400000004-0647
X2016101400000004,100001,X2016101400000004-0648
X2016101400000004,100001,X2016101400000004-0649
X2016101400000004,100001,X2016101400000004-0650
X2016101400000004,100001,X2016101400000004-0651
X2016101400000004,100001,X2016101400000004-0652
X2016101400000004,100001,X2016101400000004-0653
X2016101400000004,100001,X2016101400000004-0654
X2016101400000004,100001,X2016101400000004-0655
X2016101400000004,100001,X2016101400000004-0656
X2016101400000004,100001,X2016101400000004-0657
X2016101400000004,100001,X2016101400000004-0658
X2016101400000004,100001,X2016101400000004-0659
X2016101400000004,100001,X2016101400000004-0660
X2016101400000004,100001,X2016101400000004-0661
X2016101400000004,100001,X2016101400000004-0662
X2016101400000004,100001,X2016101400000004-0663
X2016101400000004,100001,X2016101400000004-0664
X2016101400000004,100001,X2016101400000004-0665
X2016101400000004,100001,X2016101400000004-0666
X2016101400000004,100001,X2016101400000004-0667
X2016101400000004,100001,X2016101400000004-0668
X2016101400000004,100001,X2016101400000004-0669
X2016101400000004,100001,X2016101400000004-0670
X2016101400000004,100001,X2016101400000004-0671
X2016101400000004,100001,X2016101400000004-0672
X2016101400000004,100001,X2016101400000004-0673
X2016101400000004,100001,X2016101400000004-0674
X2016101400000004,100001,X2016101400000004-0675
X2016101400000004,100001,X2016101400000004-0676
X2016101400000004,100001,X2016101400000004-0677
X2016101400000004,100001,X2016101400000004-0678
X2016101400000004,100001,X2016101400000004-0679
X2016101400000004,100001,X2016101400000004-0680
X2016101400000004,100001,X2016101400000004-0681
X2016101400000004,100001,X2016101400000004-0682
X2016101400000004,100001,X2016101400000004-0683
X2016101400000004,100001,X2016101400000004-0684
X2016101400000004,100001,X2016101400000004-0685
X2016101400000004,100001,X2016101400000004-0686
X2016101400000004,100001,X2016101400000004-0687
X2016101400000004,100001,X2016101400000004-0688
X2016101400000004,100001,X2016101400000004-0689
X2016101400000004,100001,X2016101400000004-0690
X2016101400000004,100001,X2016101400000004-0691
X2016101400000004,100001,X2016101400000004-0692
X2016101400000004,100001,X2016101400000004-0693
X2016101400000004,100001,X2016101400000004-0694
X2016101400000004,100001,X2016101400000004-0695
X2016101400000004,100001,X2016101400000004-0696
X2016101400000004,100001,X2016101400000004-0697
X2016101400000004,100001,X2016101400000004-0698
X2016101400000004,100001,X2016101400000004-0699
X2016101400000004,100001,X2016101400000004-0700
X2016101400000004,100001,X2016101400000004-0701
X2016101400000004,100001,X2016101400000004-0702
X2016101400000004,100001,X2016101400000004-0703
X2016101400000004,100001,X2016101400000004-0704
X2016101400000004,100001,X2016101400000004-0705
X2016101400000004,100001,X2016101400000004-0706
X2016101400000004,100001,X2016101400000004-0707
X2016101400000004,100001,X2016101400000004-0708
X2016101400000004,100001,X2016101400000004-0709
X2016101400000004,100001,X2016101400000004-0710
X2016101400000004,100001,X2016101400000004-0711
X2016101400000004,100001,X2016101400000004-0712
X2016101400000004,100001,X2016101400000004-0713
X2016101400000004,100001,X2016101400000004-0714
X2016101400000004,100001,X2016101400000004-0715
X2016101400000004,100001,X2016101400000004-0716
X2016101400000004,100001,X2016101400000004-0717
X2016101400000004,100001,X2016101400000004-0718
X2016101400000004,100001,X2016101400000004-0719
X2016101400000004,100001,X2016101400000004-0720
X2016101400000004,100001,X2016101400000004-0721
X2016101400000004,100001,X2016101400000004-0722
X2016101400000004,100001,X2016101400000004-0723
X2016101400000004,100001,X2016101400000004-0724
X2016101400000004,100001,X2016101400000004-0725
X2016101400000004,100001,X2016101400000004-0726
X2016101400000004,100001,X2016101400000004-0727
X2016101400000004,100001,X2016101400000004-0728
X2016101400000004,100001,X2016101400000004-0729
X2016101400000004,100001,X2016101400000004-0730
X2016101400000004,100001,X2016101400000004-0731
X2016101400000004,100001,X2016101400000004-0732
X2016101400000004,100001,X2016101400000004-0733
X2016101400000004,100001,X2016101400000004-0734
X2016101400000004,100001,X2016101400000004-0735
X2016101400000004,100001,X2016101400000004-0736
X2016101400000004,100001,X2016101400000004-0737
X2016101400000004,100001,X2016101400000004-0738
X2016101400000004,100001,X2016101400000004-0739
X2016101400000004,100001,X2016101400000004-0740
X2016101400000004,100001,X2016101400000004-0741
X2016101400000004,100001,X2016101400000004-0742
X2016101400000004,100001,X2016101400000004-0743
X2016101400000004,100001,X2016101400000004-0744
X2016101400000004,100001,X2016101400000004-0745
X2016101400000004,100001,X2016101400000004-0746
X2016101400000004,100001,X2016101400000004-0747
X2016101400000004,100001,X2016101400000004-0748
X2016101400000004,100001,X2016101400000004-0749
X2016101400000004,100001,X2016101400000004-0750
X2016101400000004,100001,X2016101400000004-0751
X2016101400000004,100001,X2016101400000004-0752
X2016101400000004,100001,X2016101400000004-0753
X2016101400000004,100001,X2016101400000004-0754
X2016101400000004,100001,X2016101400000004-0755
X2016101400000004,100001,X2016101400000004-0756
X2016101400000004,100001,X2016101400000004-0757
X2016101400000004,100001,X2016101400000004-0758
X2016101400000004,100001,X2016101400000004-0759
X2016101400000004,100001,X2016101400000004-0760
X2016101400000004,100001,X2016101400000004-0761
X2016101400000004,100001,X2016101400000004-0762
X2016101400000004,100001,X2016101400000004-0763
X2016101400000004,100001,X2016101400000004-0764
X2016101400000004,100001,X2016101400000004-0765
X2016101400000004,100001,X2016101400000004-0766
X2016101400000004,100001,X2016101400000004-0767
X2016101400000004,100001,X2016101400000004-0768
X2016101400000004,100001,X2016101400000004-0769
X2016101400000004,100001,X2016101400000004-0770
X2016101400000004,100001,X2016101400000004-0771
X2016101400000004,100001,X2016101400000004-0772
X2016101400000004,100001,X2016101400000004-0773
X2016101400000004,100001,X2016101400000004-0774
X2016101400000004,100001,X2016101400000004-0775
X2016101400000004,100001,X2016101400000004-0776
X2016101400000004,100001,X2016101400000004-0777
X2016101400000004,100001,X2016101400000004-0778
X2016101400000004,100001,X2016101400000004-0779
X2016101400000004,100001,X2016101400000004-0780
X2016101400000004,100001,X2016101400000004-0781
X2016101400000004,100001,X2016101400000004-0782
X2016101400000004,100001,X2016101400000004-0783
X2016101400000004,100001,X2016101400000004-0784
X2016101400000004,100001,X2016101400000004-0785
X2016101400000004,100001,X2016101400000004-0786
X2016101400000004,100001,X2016101400000004-0787
X2016101400000004,100001,X2016101400000004-0788
X2016101400000004,100001,X2016101400000004-0789
X2016101400000004,100001,X2016101400000004-0790
X2016101400000004,100001,X2016101400000004-0791
X2016101400000004,100001,X2016101400000004-0792
X2016101400000004,100001,X2016101400000004-0793
X2016101400000004,100001,X2016101400000004-0794
X2016101400000004,100001,X2016101400000004-0795
X2016101400000004,100001,X2016101400000004-0796
X2016101400000004,100001,X2016101400000004-0797
X2016101400000004,100001,X2016101400000004-0798
X2016101400000004,100001,X2016101400000004-0799
X2016101400000004,100001,X2016101400000004-0800
X2016101400000004,100001,X2016101400000004-0801
X2016101400000004,100001,X2016101400000004-0802
X2016101400000004,100001,X2016101400000004-0803
X2016101400000004,100001,X2016101400000004-0804
X2016101400000004,100001,X2016101400000004-0805
X2016101400000004,100001,X2016101400000004-0806
X2016101400000004,100001,X2016101400000004-0807
X2016101400000004,100001,X2016101400000004-0808
X2016101400000004,100001,X2016101400000004-0809
X2016101400000004,100001,X2016101400000004-0810
X2016101400000004,100001,X2016101400000004-0811
X2016101400000004,100001,X2016101400000004-0812
X2016101400000004,100001,X2016101400000004-0813
X2016101400000004,100001,X2016101400000004-0814
X2016101400000004,100001,X2016101400000004-0815
X2016101400000004,100001,X2016101400000004-0816
X2016101400000004,100001,X2016101400000004-0817
X2016101400000004,100001,X2016101400000004-0818
X2016101400000004,100001,X2016101400000004-0819
X2016101400000004,100001,X2016101400000004-0820
X2016101400000004,100001,X2016101400000004-0821
X2016101400000004,100001,X2016101400000004-0822
X2016101400000004,100001,X2016101400000004-0823
X2016101400000004,100001,X2016101400000004-0824
X2016101400000004,100001,X2016101400000004-0825
X2016101400000004,100001,X2016101400000004-0826
X2016101400000004,100001,X2016101400000004-0827
X2016101400000004,100001,X2016101400000004-0828
X2016101400000004,100001,X2016101400000004-0829
X2016101400000004,100001,X2016101400000004-0830
X2016101400000004,100001,X2016101400000004-0831
X2016101400000004,100001,X2016101400000004-0832
X2016101400000004,100001,X2016101400000004-0833
X2016101400000004,100001,X2016101400000004-0834
X2016101400000004,100001,X2016101400000004-0835
X2016101400000004,100001,X2016101400000004-0836
X2016101400000004,100001,X2016101400000004-0837
X2016101400000004,100001,X2016101400000004-0838
X2016101400000004,100001,X2016101400000004-0839
X2016101400000004,100001,X2016101400000004-0840
X2016101400000004,100001,X2016101400000004-0841
X2016101400000004,100001,X2016101400000004-0842
X2016101400000004,100001,X2016101400000004-0843
X2016101400000004,100001,X2016101400000004-0844
X2016101400000004,100001,X2016101400000004-0845
X2016101400000004,100001,X2016101400000004-0846
X2016101400000004,100001,X2016101400000004-0847
X2016101400000004,100001,X2016101400000004-0848
X2016101400000004,100001,X2016101400000004-0849
X2016101400000004,100001,X2016101400000004-0850
X2016101400000004,100001,X2016101400000004-0851
X2016101400000004,100001,X2016101400000004-0852
X2016101400000004,100001,X2016101400000004-0853
X2016101400000004,100001,X2016101400000004-0854
X2016101400000004,100001,X2016101400000004-0855
X2016101400000004,100001,X2016101400000004-0856
X2016101400000004,100001,X2016101400000004-0857
X2016101400000004,100001,X2016101400000004-0858
X2016101400000004,100001,X2016101400000004-0859
X2016101400000004,100001,X2016101400000004-0860
X2016101400000004,100001,X2016101400000004-0861
X2016101400000004,100001,X2016101400000004-0862
X2016101400000004,100001,X2016101400000004-0863
X2016101400000004,100001,X2016101400000004-0864
X2016101400000004,100001,X2016101400000004-0865
X2016101400000004,100001,X2016101400000004-0866
X2016101400000004,100001,X2016101400000004-0867
X2016101400000004,100001,X2016101400000004-0868
X2016101400000004,100001,X2016101400000004-0869
X2016101400000004,100001,X2016101400000004-0870
X2016101400000004,100001,X2016101400000004-0871
X2016101400000004,100001,X2016101400000004-0872
X2016101400000004,100001,X2016101400000004-0873
X2016101400000004,100001,X2016101400000004-0874
X2016101400000004,100001,X2016101400000004-0875
X2016101400000004,100001,X2016101400000004-0876
X2016101400000004,100001,X2016101400000004-0877
X2016101400000004,100001,X2016101400000004-0878
X2016101400000004,100001,X2016101400000004-0879
X2016101400000004,100001,X2016101400000004-0880
X2016101400000004,100001,X2016101400000004-0881
X2016101400000004,100001,X2016101400000004-0882
X2016101400000004,100001,X2016101400000004-0883
X2016101400000004,100001,X2016101400000004-0884
X2016101400000004,100001,X2016101400000004-0885
X2016101400000004,100001,X2016101400000004-0886
X2016101400000004,100001,X2016101400000004-0887
X2016101400000004,100001,X2016101400000004-0888
X2016101400000004,100001,X2016101400000004-0889
X2016101400000004,100001,X2016101400000004-0890
X2016101400000004,100001,X2016101400000004-0891
X2016101400000004,100001,X2016101400000004-0892
X2016101400000004,100001,X2016101400000004-0893
X2016101400000004,100001,X2016101400000004-0894
X2016101400000004,100001,X2016101400000004-0895
X2016101400000004,100001,X2016101400000004-0896
X2016101400000004,100001,X2016101400000004-0897
X2016101400000004,100001,X2016101400000004-0898
X2016101400000004,100001,X2016101400000004-0899
X2016101400000004,100001,X2016101400000004-0900
X2016101400000004,100001,X2016101400000004-0901
X2016101400000004,100001,X2016101400000004-0902
X2016101400000004,100001,X2016101400000004-0903
X2016101400000004,100001,X2016101400000004-0904
X2016101400000004,100001,X2016101400000004-0905
X2016101400000004,100001,X2016101400000004-0906
X2016101400000004,100001,X2016101400000004-0907
X2016101400000004,100001,X2016101400000004-0908
X2016101400000004,100001,X2016101400000004-0909
X2016101400000004,100001,X2016101400000004-0910
X2016101400000004,100001,X2016101400000004-0911
X2016101400000004,100001,X2016101400000004-0912
X2016101400000004,100001,X2016101400000004-0913
X2016101400000004,100001,X2016101400000004-0914
X2016101400000004,100001,X2016101400000004-0915
X2016101400000004,100001,X2016101400000004-0916
X2016101400000004,100001,X2016101400000004-0917
X2016101400000004,100001,X2016101400000004-0918
X2016101400000004,100001,X2016101400000004-0919
X2016101400000004,100001,X2016101400000004-0920
X2016101400000004,100001,X2016101400000004-0921
X2016101400000004,100001,X2016101400000004-0922
X2016101400000004,100001,X2016101400000004-0923
X2016101400000004,100001,X2016101400000004-0924
X2016101400000004,100001,X2016101400000004-0925
X2016101400000004,100001,X2016101400000004-0926
X2016101400000004,100001,X2016101400000004-0927
X2016101400000004,100001,X2016101400000004-0928
X2016101400000004,100001,X2016101400000004-0929
X2016101400000004,100001,X2016101400000004-0930
X2016101400000004,100001,X2016101400000004-0931
X2016101400000004,100001,X2016101400000004-0932
X2016101400000004,100001,X2016101400000004-0933
X2016101400000004,100001,X2016101400000004-0934
X2016101400000004,100001,X2016101400000004-0935
X2016101400000004,100001,X2016101400000004-0936
X2016101400000004,100001,X2016101400000004-0937
X2016101400000004,100001,X2016101400000004-0938
X2016101400000004,100001,X2016101400000004-0939
X2016101400000004,100001,X2016101400000004-0940
X2016101400000004,100001,X2016101400000004-0941
X2016101400000004,100001,X2016101400000004-0942
X2016101400000004,100001,X2016101400000004-0943
X2016101400000004,100001,X2016101400000004-0944
X2016101400000004,100001,X2016101400000004-0945
X2016101400000004,100001,X2016101400000004-0946
X2016101400000004,100001,X2016101400000004-0947
X2016101400000004,100001,X2016101400000004-0948
X2016101400000004,100001,X2016101400000004-0949
X2016101400000004,100001,X2016101400000004-0950
X2016101400000004,100001,X2016101400000004-0951
X2016101400000004,100001,X2016101400000004-0952
X2016101400000004,100001,X2016101400000004-0953
X2016101400000004,100001,X2016101400000004-0954
X2016101400000004,100001,X2016101400000004-0955
X2016101400000004,100001,X2016101400000004-0956
X2016101400000004,100001,X2016101400000004-0957
X2016101400000004,100001,X2016101400000004-0958
X2016101400000004,100001,X2016101400000004-0959
X2016101400000004,100001,X2016101400000004-0960
X2016101400000004,100001,X2016101400000004-0961
X2016101400000004,100001,X2016101400000004-0962
X2016101400000004,100001,X2016101400000004-0963
X2016101400000004,100001,X2016101400000004-0964
X2016101400000004,100001,X2016101400000004-0965
X2016101400000004,100001,X2016101400000004-0966
X2016101400000004,100001,X2016101400000004-0967
X2016101400000004,100001,X2016101400000004-0968
X2016101400000004,100001,X2016101400000004-0969
X2016101400000004,100001,X2016101400000004-0970
X2016101400000004,100001,X2016101400000004-0971
X2016101400000004,100001,X2016101400000004-0972
X2016101400000004,100001,X2016101400000004-0973
X2016101400000004,100001,X2016101400000004-0974
X2016101400000004,100001,X2016101400000004-0975
X2016101400000004,100001,X2016101400000004-0976
X2016101400000004,100001,X2016101400000004-0977
X2016101400000004,100001,X2016101400000004-0978
X2016101400000004,100001,X2016101400000004-0979
X2016101400000004,100001,X2016101400000004-0980
X2016101400000004,100001,X2016101400000004-0981
X2016101400000004,100001,X2016101400000004-0982
X2016101400000004,100001,X2016101400000004-0983
X2016101400000004,100001,X2016101400000004-0984
X2016101400000004,100001,X2016101400000004-0985
X2016101400000004,100001,X2016101400000004-0986
X2016101400000004,100001,X2016101400000004-0987
X2016101400000004,100001,X2016101400000004-0988
X2016101400000004,100001,X2016101400000004-0989
X2016101400000004,100001,X2016101400000004-0990
X2016101400000004,100001,X2016101400000004-0991
X2016101400000004,100001,X2016101400000004-0992
X2016101400000004,100001,X2016101400000004-0993
X2016101400000004,100001,X2016101400000004-0994
X2016101400000004,100001,X2016101400000004-0995
X2016101400000004,100001,X2016101400000004-0996
X2016101400000004,100001,X2016101400000004-0997
X2016101400000004,100001,X2016101400000004-0998
X2016101400000004,100001,X2016101400000004-0999
X2016101400000004,100001,X2016101400000004-1000
X2016101400000004,100001,X2016101400000004-1001
X2016101400000004,100001,X2016101400000004-1002
X2016101400000004,100001,X2016101400000004-1003
X2016101400000004,100001,X2016101400000004-1004
X2016101400000004,100001,X2016101400000004-1005
X2016101400000004,100001,X2016101400000004-1006
X2016101400000004,100001,X2016101400000004-1007
X2016101400000004,100001,X2016101400000004-1008
X2016101400000004,100001,X2016101400000004-1009
X2016101400000004,100001,X2016101400000004-1010
X2016101400000004,100001,X2016101400000004-1011
X2016101400000004,100001,X2016101400000004-1012
X2016101400000004,100001,X2016101400000004-1013
X2016101400000004,100001,X2016101400000004-1014
X2016101400000004,100001,X2016101400000004-1015
X2016101400000004,100001,X2016101400000004-1016
X2016101400000004,100001,X2016101400000004-1017
X2016101400000004,100001,X2016101400000004-1018
X2016101400000004,100001,X2016101400000004-1019
X2016101400000004,100001,X2016101400000004-1020
X2016101400000004,100001,X2016101400000004-1021
X2016101400000004,100001,X2016101400000004-1022
X2016101400000004,100001,X2016101400000004-1023
X2016101400000004,100001,X2016101400000004-1024
X2016101400000004,100001,X2016101400000004-1025
X2016101400000004,100001,X2016101400000004-1026
X2016101400000004,100001,X2016101400000004-1027
X2016101400000004,100001,X2016101400000004-1028
X2016101400000004,100001,X2016101400000004-1029
X2016101400000004,100001,X2016101400000004-1030
X2016101400000004,100001,X2016101400000004-1031
X2016101400000004,100001,X2016101400000004-1032
X2016101400000004,100001,X2016101400000004-1033
X2016101400000004,100001,X2016101400000004-1034
X2016101400000004,100001,X2016101400000004-1035
X2016101400000004,100001,X2016101400000004-1036
X2016101400000004,100001,X2016101400000004-1037
X2016101400000004,100001,X2016101400000004-1038
X2016101400000004,100001,X2016101400000004-1039
X2016101400000004,100001,X2016101400000004-1040
X2016101400000004,100001,X2016101400000004-1041
X2016101400000004,100001,X2016101400000004-1042
X2016101400000004,100001,X2016101400000004-1043
X2016101400000004,100001,X2016101400000004-1044
X2016101400000004,100001,X2016101400000004-1045
X2016101400000004,100001,X2016101400000004-1046
X2016101400000004,100001,X2016101400000004-1047
X2016101400000004,100001,X2016101400000004-1048
X2016101400000004,100001,X2016101400000004-1049
X2016101400000004,100001,X2016101400000004-1050
X2016101400000004,100001,X2016101400000004-1051
X2016101400000004,100001,X2016101400000004-1052
X2016101400000004,100001,X2016101400000004-1053
X2016101400000004,100001,X2016101400000004-1054
X2016101400000004,100001,X2016101400000004-1055
X2016101400000004,100001,X2016101400000004-1056
X2016101400000004,100001,X2016101400000004-1057
X2016101400000004,100001,X2016101400000004-1058
X2016101400000004,100001,X2016101400000004-1059
X2016101400000004,100001,X2016101400000004-1060
X2016101400000004,100001,X2016101400000004-1061
X2016101400000004,100001,X2016101400000004-1062
X2016101400000004,100001,X2016101400000004-1063
X2016101400000004,100001,X2016101400000004-1064
X2016101400000004,100001,X2016101400000004-1065
X2016101400000004,100001,X2016101400000004-1066
X2016101400000004,100001,X2016101400000004-1067
X2016101400000004,100001,X2016101400000004-1068
X2016101400000004,100001,X2016101400000004-1069
X2016101400000004,100001,X2016101400000004-1070
X2016101400000004,100001,X2016101400000004-1071
X2016101400000004,100001,X2016101400000004-1072
X2016101400000004,100001,X2016101400000004-1073
X2016101400000004,100001,X2016101400000004-1074
X2016101400000004,100001,X2016101400000004-1075
X2016101400000004,100001,X2016101400000004-1076
X2016101400000004,100001,X2016101400000004-1077
X2016101400000004,100001,X2016101400000004-1078
X2016101400000004,100001,X2016101400000004-1079
X2016101400000004,100001,X2016101400000004-1080
X2016101400000004,100001,X2016101400000004-1081
X2016101400000004,100001,X2016101400000004-1082
X2016101400000004,100001,X2016101400000004-1083
X2016101400000004,100001,X2016101400000004-1084
X2016101400000004,100001,X2016101400000004-1085
X2016101400000004,100001,X2016101400000004-1086
X2016101400000004,100001,X2016101400000004-1087
X2016101400000004,100001,X2016101400000004-1088
X2016101400000004,100001,X2016101400000004-1089
X2016101400000004,100001,X2016101400000004-1090
X2016101400000004,100001,X2016101400000004-1091
X2016101400000004,100001,X2016101400000004-1092
X2016101400000004,100001,X2016101400000004-1093
X2016101400000004,100001,X2016101400000004-1094
X2016101400000004,100001,X2016101400000004-1095
X2016101400000004,100001,X2016101400000004-1096
X2016101400000004,100001,X2016101400000004-1097
X2016101400000004,100001,X2016101400000004-1098
X2016101400000004,100001,X2016101400000004-1099
X2016101400000004,100001,X2016101400000004-1100
X2016101400000004,100001,X2016101400000004-1101
X2016101400000004,100001,X2016101400000004-1102
X2016101400000004,100001,X2016101400000004-1103
X2016101400000004,100001,X2016101400000004-1104
X2016101400000004,100001,X2016101400000004-1105
X2016101400000004,100001,X2016101400000004-1106
X2016101400000004,100001,X2016101400000004-1107
X2016101400000004,100001,X2016101400000004-1108
X2016101400000004,100001,X2016101400000004-1109
X2016101400000004,100001,X2016101400000004-1110
X2016101400000004,100001,X2016101400000004-1111
X2016101400000004,100001,X2016101400000004-1112
X2016101400000004,100001,X2016101400000004-1113
X2016101400000004,100001,X2016101400000004-1114
X2016101400000004,100001,X2016101400000004-1115
X2016101400000004,100001,X2016101400000004-1116
X2016101400000004,100001,X2016101400000004-1117
X2016101400000004,100001,X2016101400000004-1118
X2016101400000004,100001,X2016101400000004-1119
X2016101400000004,100001,X2016101400000004-1120
X2016101400000004,100001,X2016101400000004-1121
X2016101400000004,100001,X2016101400000004-1122
X2016101400000004,100001,X2016101400000004-1123
X2016101400000004,100001,X2016101400000004-1124
X2016101400000004,100001,X2016101400000004-1125
X2016101400000004,100001,X2016101400000004-1126
X2016101400000004,100001,X2016101400000004-1127
X2016101400000004,100001,X2016101400000004-1128
X2016101400000004,100001,X2016101400000004-1129
X2016101400000004,100001,X2016101400000004-1130
X2016101400000004,100001,X2016101400000004-1131
X2016101400000004,100001,X2016101400000004-1132
X2016101400000004,100001,X2016101400000004-1133
X2016101400000004,100001,X2016101400000004-1134
X2016101400000004,100001,X2016101400000004-1135
X2016101400000004,100001,X2016101400000004-1136
X2016101400000004,100001,X2016101400000004-1137
X2016101400000004,100001,X2016101400000004-1138
X2016101400000004,100001,X2016101400000004-1139
X2016101400000004,100001,X2016101400000004-1140
X2016101400000004,100001,X2016101400000004-1141
X2016101400000004,100001,X2016101400000004-1142
X2016101400000004,100001,X2016101400000004-1143
X2016101400000004,100001,X2016101400000004-1144
X2016101400000004,100001,X2016101400000004-1145
X2016101400000004,100001,X2016101400000004-1146
X2016101400000004,100001,X2016101400000004-1147
X2016101400000004,100001,X2016101400000004-1148
X2016101400000004,100001,X2016101400000004-1149
X2016101400000004,100001,X2016101400000004-1150
X2016101400000004,100001,X2016101400000004-1151
X2016101400000004,100001,X2016101400000004-1152
X2016101400000004,100001,X2016101400000004-1153
X2016101400000004,100001,X2016101400000004-1154
X2016101400000004,100001,X2016101400000004-1155
X2016101400000004,100001,X2016101400000004-1156
X2016101400000004,100001,X2016101400000004-1157
X2016101400000004,100001,X2016101400000004-1158
X2016101400000004,100001,X2016101400000004-1159
X2016101400000004,100001,X2016101400000004-1160
X2016101400000004,100001,X2016101400000004-1161
X2016101400000004,100001,X2016101400000004-1162
X2016101400000004,100001,X2016101400000004-1163
X2016101400000004,100001,X2016101400000004-1164
X2016101400000004,100001,X2016101400000004-1165
X2016101400000004,100001,X2016101400000004-1166
X2016101400000004,100001,X2016101400000004-1167
X2016101400000004,100001,X2016101400000004-1168
X2016101400000004,100001,X2016101400000004-1169
X2016101400000004,100001,X2016101400000004-1170
X2016101400000004,100001,X2016101400000004-1171
X2016101400000004,100001,X2016101400000004-1172
X2016101400000004,100001,X2016101400000004-1173
X2016101400000004,100001,X2016101400000004-1174
X2016101400000004,100001,X2016101400000004-1175
X2016101400000004,100001,X2016101400000004-1176
X2016101400000004,100001,X2016101400000004-1177
X2016101400000004,100001,X2016101400000004-1178
X2016101400000004,100001,X2016101400000004-1179
X2016101400000004,100001,X2016101400000004-1180
X2016101400000004,100001,X2016101400000004-1181
X2016101400000004,100001,X2016101400000004-1182
X2016101400000004,100001,X2016101400000004-1183
X2016101400000004,100001,X2016101400000004-1184
X2016101400000004,100001,X2016101400000004-1185
X2016101400000004,100001,X2016101400000004-1186
X2016101400000004,100001,X2016101400000004-1187
X2016101400000004,100001,X2016101400000004-1188
X2016101400000004,100001,X2016101400000004-1189
X2016101400000004,100001,X2016101400000004-1190
X2016101400000004,100001,X2016101400000004-1191
X2016101400000004,100001,X2016101400000004-1192
X2016101400000004,100001,X2016101400000004-1193
X2016101400000004,100001,X2016101400000004-1194
X2016101400000004,100001,X2016101400000004-1195
X2016101400000004,100001,X2016101400000004-1196
X2016101400000004,100001,X2016101400000004-1197
X2016101400000004,100001,X2016101400000004-1198
X2016101400000004,100001,X2016101400000004-1199
X2016101400000004,100001,X2016101400000004-1200
X2016101400000004,100001,X2016101400000004-1201
X2016101400000004,100001,X2016101400000004-1202
X2016101400000004,100001,X2016101400000004-1203
X2016101400000004,100001,X2016101400000004-1204
X2016101400000004,100001,X2016101400000004-1205
X2016101400000004,100001,X2016101400000004-1206
X2016101400000004,100001,X2016101400000004-1207
X2016101400000004,100001,X2016101400000004-1208
X2016101400000004,100001,X2016101400000004-1209
X2016101400000004,100001,X2016101400000004-1210
X2016101400000004,100001,X2016101400000004-1211
X2016101400000004,100001,X2016101400000004-1212
X2016101400000004,100001,X2016101400000004-1213
X2016101400000004,100001,X2016101400000004-1214
X2016101400000004,100001,X2016101400000004-1215
X2016101400000004,100001,X2016101400000004-1216
X2016101400000004,100001,X2016101400000004-1217
X2016101400000004,100001,X2016101400000004-1218
X2016101400000004,100001,X2016101400000004-1219
X2016101400000004,100001,X2016101400000004-1220
X2016101400000004,100001,X2016101400000004-1221
X2016101400000004,100001,X2016101400000004-1222
X2016101400000004,100001,X2016101400000004-1223
X2016101400000004,100001,X2016101400000004-1224
X2016101400000004,100001,X2016101400000004-1225
X2016101400000004,100001,X2016101400000004-1226
X2016101400000004,100001,X2016101400000004-1227
X2016101400000004,100001,X2016101400000004-1228
X2016101400000004,100001,X2016101400000004-1229
X2016101400000004,100001,X2016101400000004-1230
X2016101400000004,100001,X2016101400000004-1231
X2016101400000004,100001,X2016101400000004-1232
X2016101400000004,100001,X2016101400000004-1233
X2016101400000004,100001,X2016101400000004-1234
X2016101400000004,100001,X2016101400000004-1235
X2016101400000004,100001,X2016101400000004-1236
X2016101400000004,100001,X2016101400000004-1237
X2016101400000004,100001,X2016101400000004-1238
X2016101400000004,100001,X2016101400000004-1239
X2016101400000004,100001,X2016101400000004-1240
X2016101400000004,100001,X2016101400000004-1241
X2016101400000004,100001,X2016101400000004-1242
X2016101400000004,100001,X2016101400000004-1243
X2016101400000004,100001,X2016101400000004-1244
X2016101400000004,100001,X2016101400000004-1245
X2016101400000004,100001,X2016101400000004-1246
X2016101400000004,100001,X2016101400000004-1247
X2016101400000004,100001,X2016101400000004-1248
X2016101400000004,100001,X2016101400000004-1249
X2016101400000004,100001,X2016101400000004-1250
X2016101400000004,100001,X2016101400000004-1251
X2016101400000004,100001,X2016101400000004-1252
X2016101400000004,100001,X2016101400000004-1253
X2016101400000004,100001,X2016101400000004-1254
X2016101400000004,100001,X2016101400000004-1255
X2016101400000004,100001,X2016101400000004-1256
X2016101400000004,100001,X2016101400000004-1257
X2016101400000004,100001,X2016101400000004-1258
X2016101400000004,100001,X2016101400000004-1259
X2016101400000004,100001,X2016101400000004-1260
X2016101400000004,100001,X2016101400000004-1261
X2016101400000004,100001,X2016101400000004-1262
X2016101400000004,100001,X2016101400000004-1263
X2016101400000004,100001,X2016101400000004-1264
X2016101400000004,100001,X2016101400000004-1265
X2016101400000004,100001,X2016101400000004-1266
X2016101400000004,100001,X2016101400000004-1267
X2016101400000004,100001,X2016101400000004-1268
X2016101400000004,100001,X2016101400000004-1269
X2016101400000004,100001,X2016101400000004-1270
X2016101400000004,100001,X2016101400000004-1271
X2016101400000004,100001,X2016101400000004-1272
X2016101400000004,100001,X2016101400000004-1273
X2016101400000004,100001,X2016101400000004-1274
X2016101400000004,100001,X2016101400000004-1275
X2016101400000004,100001,X2016101400000004-1276
X2016101400000004,100001,X2016101400000004-1277
X2016101400000004,100001,X2016101400000004-1278
X2016101400000004,100001,X2016101400000004-1279
X2016101400000004,100001,X2016101400000004-1280
X2016101400000004,100001,X2016101400000004-1281
X2016101400000004,100001,X2016101400000004-1282
X2016101400000004,100001,X2016101400000004-1283
X2016101400000004,100001,X2016101400000004-1284
X2016101400000004,100001,X2016101400000004-1285
X2016101400000004,100001,X2016101400000004-1286
X2016101400000004,100001,X2016101400000004-1287
X2016101400000004,100001,X2016101400000004-1288
X2016101400000004,100001,X2016101400000004-1289
X2016101400000004,100001,X2016101400000004-1290
X2016101400000004,100001,X2016101400000004-1291
X2016101400000004,100001,X2016101400000004-1292
X2016101400000004,100001,X2016101400000004-1293
X2016101400000004,100001,X2016101400000004-1294
X2016101400000004,100001,X2016101400000004-1295
X2016101400000004,100001,X2016101400000004-1296
X2016101400000004,100001,X2016101400000004-1297
X2016101400000004,100001,X2016101400000004-1298
X2016101400000004,100001,X2016101400000004-1299
X2016101400000004,100001,X2016101400000004-1300
X2016101400000004,100001,X2016101400000004-1301
X2016101400000004,100001,X2016101400000004-1302
X2016101400000004,100001,X2016101400000004-1303
X2016101400000004,100001,X2016101400000004-1304
X2016101400000004,100001,X2016101400000004-1305
X2016101400000004,100001,X2016101400000004-1306
X2016101400000004,100001,X2016101400000004-1307
X2016101400000004,100001,X2016101400000004-1308
X2016101400000004,100001,X2016101400000004-1309
X2016101400000004,100001,X2016101400000004-1310
X2016101400000004,100001,X2016101400000004-1311
X2016101400000004,100001,X2016101400000004-1312
X2016101400000004,100001,X2016101400000004-1313
X2016101400000004,100001,X2016101400000004-1314
X2016101400000004,100001,X2016101400000004-1315
X2016101400000004,100001,X2016101400000004-1316
X2016101400000004,100001,X2016101400000004-1317
X2016101400000004,100001,X2016101400000004-1318
X2016101400000004,100001,X2016101400000004-1319
X2016101400000004,100001,X2016101400000004-1320
X2016101400000004,100001,X2016101400000004-1321
X2016101400000004,100001,X2016101400000004-1322
X2016101400000004,100001,X2016101400000004-1323
X2016101400000004,100001,X2016101400000004-1324
X2016101400000004,100001,X2016101400000004-1325
X2016101400000004,100001,X2016101400000004-1326
X2016101400000004,100001,X2016101400000004-1327
X2016101400000004,100001,X2016101400000004-1328
X2016101400000004,100001,X2016101400000004-1329
X2016101400000004,100001,X2016101400000004-1330
X2016101400000004,100001,X2016101400000004-1331
X2016101400000004,100001,X2016101400000004-1332
X2016101400000004,100001,X2016101400000004-1333
X2016101400000004,100001,X2016101400000004-1334
X2016101400000004,100001,X2016101400000004-1335
X2016101400000004,100001,X2016101400000004-1336
X2016101400000004,100001,X2016101400000004-1337
X2016101400000004,100001,X2016101400000004-1338
X2016101400000004,100001,X2016101400000004-1339
X2016101400000004,100001,X2016101400000004-1340
X2016101400000004,100001,X2016101400000004-1341
X2016101400000004,100001,X2016101400000004-1342
X2016101400000004,100001,X2016101400000004-1343
X2016101400000004,100001,X2016101400000004-1344
X2016101400000004,100001,X2016101400000004-1345
X2016101400000004,100001,X2016101400000004-1346
X2016101400000004,100001,X2016101400000004-1347
X2016101400000004,100001,X2016101400000004-1348
X2016101400000004,100001,X2016101400000004-1349
X2016101400000004,100001,X2016101400000004-1350
X2016101400000004,100001,X2016101400000004-1351
X2016101400000004,100001,X2016101400000004-1352
X2016101400000004,100001,X2016101400000004-1353
X2016101400000004,100001,X2016101400000004-1354
X2016101400000004,100001,X2016101400000004-1355
X2016101400000004,100001,X2016101400000004-1356
X2016101400000004,100001,X2016101400000004-1357
X2016101400000004,100001,X2016101400000004-1358
X2016101400000004,100001,X2016101400000004-1359
X2016101400000004,100001,X2016101400000004-1360
X2016101400000004,100001,X2016101400000004-1361
X2016101400000004,100001,X2016101400000004-1362
X2016101400000004,100001,X2016101400000004-1363
X2016101400000004,100001,X2016101400000004-1364
X2016101400000004,100001,X2016101400000004-1365
X2016101400000004,100001,X2016101400000004-1366
X2016101400000004,100001,X2016101400000004-1367
X2016101400000004,100001,X2016101400000004-1368
X2016101400000004,100001,X2016101400000004-1369
X2016101400000004,100001,X2016101400000004-1370
X2016101400000004,100001,X2016101400000004-1371
X2016101400000004,100001,X2016101400000004-1372
X2016101400000004,100001,X2016101400000004-1373
X2016101400000004,100001,X2016101400000004-1374
X2016101400000004,100001,X2016101400000004-1375
X2016101400000004,100001,X2016101400000004-1376
X2016101400000004,100001,X2016101400000004-1377
X2016101400000004,100001,X2016101400000004-1378
X2016101400000004,100001,X2016101400000004-1379
X2016101400000004,100001,X2016101400000004-1380
X2016101400000004,100001,X2016101400000004-1381
X2016101400000004,100001,X2016101400000004-1382
X2016101400000004,100001,X2016101400000004-1383
X2016101400000004,100001,X2016101400000004-1384
X2016101400000004,100001,X2016101400000004-1385
X2016101400000004,100001,X2016101400000004-1386
X2016101400000004,100001,X2016101400000004-1387
X2016101400000004,100001,X2016101400000004-1388
X2016101400000004,100001,X2016101400000004-1389
X2016101400000004,100001,X2016101400000004-1390
X2016101400000004,100001,X2016101400000004-1391
X2016101400000004,100001,X2016101400000004-1392
X2016101400000004,100001,X2016101400000004-1393
X2016101400000004,100001,X2016101400000004-1394
X2016101400000004,100001,X2016101400000004-1395
X2016101400000004,100001,X2016101400000004-1396
X2016101400000004,100001,X2016101400000004-1397
X2016101400000004,100001,X2016101400000004-1398
X2016101400000004,100001,X2016101400000004-1399
X2016101400000004,100001,X2016101400000004-1400
X2016101400000004,100001,X2016101400000004-1401
X2016101400000004,100001,X2016101400000004-1402
X2016101400000004,100001,X2016101400000004-1403
X2016101400000004,100001,X2016101400000004-1404
X2016101400000004,100001,X2016101400000004-1405
X2016101400000004,100001,X2016101400000004-1406
X2016101400000004,100001,X2016101400000004-1407
X2016101400000004,100001,X2016101400000004-1408
X2016101400000004,100001,X2016101400000004-1409
X2016101400000004,100001,X2016101400000004-1410
X2016101400000004,100001,X2016101400000004-1411
X2016101400000004,100001,X2016101400000004-1412
X2016101400000004,100001,X2016101400000004-1413
X2016101400000004,100001,X2016101400000004-1414
X2016101400000004,100001,X2016101400000004-1415
X2016101400000004,100001,X2016101400000004-1416
X2016101400000004,100001,X2016101400000004-1417
X2016101400000004,100001,X2016101400000004-1418
X2016101400000004,100001,X2016101400000004-1419
X2016101400000004,100001,X2016101400000004-1420
X2016101400000004,100001,X2016101400000004-1421
X2016101400000004,100001,X2016101400000004-1422
X2016101400000004,100001,X2016101400000004-1423
X2016101400000004,100001,X2016101400000004-1424
X2016101400000004,100001,X2016101400000004-1425
X2016101400000004,100001,X2016101400000004-1426
X2016101400000004,100001,X2016101400000004-1427
X2016101400000004,100001,X2016101400000004-1428
X2016101400000004,100001,X2016101400000004-1429
X2016101400000004,100001,X2016101400000004-1430
X2016101400000004,100001,X2016101400000004-1431
X2016101400000004,100001,X2016101400000004-1432
X2016101400000004,100001,X2016101400000004-1433
X2016101400000004,100001,X2016101400000004-1434
X2016101400000004,100001,X2016101400000004-1435
X2016101400000004,100001,X2016101400000004-1436
X2016101400000004,100001,X2016101400000004-1437
X2016101400000004,100001,X2016101400000004-1438
X2016101400000004,100001,X2016101400000004-1439
X2016101400000004,100001,X2016101400000004-1440
X2016101400000004,100001,X2016101400000004-1441
X2016101400000004,100001,X2016101400000004-1442
X2016101400000004,100001,X2016101400000004-1443
X2016101400000004,100001,X2016101400000004-1444
X2016101400000004,100001,X2016101400000004-1445
X2016101400000004,100001,X2016101400000004-1446
X2016101400000004,100001,X2016101400000004-1447
X2016101400000004,100001,X2016101400000004-1448
X2016101400000004,100001,X2016101400000004-1449
X2016101400000004,100001,X2016101400000004-1450
X2016101400000004,100001,X2016101400000004-1451
X2016101400000004,100001,X2016101400000004-1452
X2016101400000004,100001,X2016101400000004-1453
X2016101400000004,100001,X2016101400000004-1454
X2016101400000004,100001,X2016101400000004-1455
X2016101400000004,100001,X2016101400000004-1456
X2016101400000004,100001,X2016101400000004-1457
X2016101400000004,100001,X2016101400000004-1458
X2016101400000004,100001,X2016101400000004-1459
X2016101400000004,100001,X2016101400000004-1460
X2016101400000004,100001,X2016101400000004-1461
X2016101400000004,100001,X2016101400000004-1462
X2016101400000004,100001,X2016101400000004-1463
X2016101400000004,100001,X2016101400000004-1464
X2016101400000004,100001,X2016101400000004-1465
X2016101400000004,100001,X2016101400000004-1466
X2016101400000004,100001,X2016101400000004-1467
X2016101400000004,100001,X2016101400000004-1468
X2016101400000004,100001,X2016101400000004-1469
X2016101400000004,100001,X2016101400000004-1470
X2016101400000004,100001,X2016101400000004-1471
X2016101400000004,100001,X2016101400000004-1472
X2016101400000004,100001,X2016101400000004-1473
X2016101400000004,100001,X2016101400000004-1474
X2016101400000004,100001,X2016101400000004-1475
X2016101400000004,100001,X2016101400000004-1476
X2016101400000004,100001,X2016101400000004-1477
X2016101400000004,100001,X2016101400000004-1478
X2016101400000004,100001,X2016101400000004-1479
X2016101400000004,100001,X2016101400000004-1480
X2016101400000004,100001,X2016101400000004-1481
X2016101400000004,100001,X2016101400000004-1482
X2016101400000004,100001,X2016101400000004-1483
X2016101400000004,100001,X2016101400000004-1484
X2016101400000004,100001,X2016101400000004-1485
X2016101400000004,100001,X2016101400000004-1486
X2016101400000004,100001,X2016101400000004-1487
X2016101400000004,100001,X2016101400000004-1488
X2016101400000004,100001,X2016101400000004-1489
X2016101400000004,100001,X2016101400000004-1490
X2016101400000004,100001,X2016101400000004-1491
X2016101400000004,100001,X2016101400000004-1492
X2016101400000004,100001,X2016101400000004-1493
X2016101400000004,100001,X2016101400000004-1494
X2016101400000004,100001,X2016101400000004-1495
X2016101400000004,100001,X2016101400000004-1496
X2016101400000004,100001,X2016101400000004-1497
X2016101400000004,100001,X2016101400000004-1498
X2016101400000004,100001,X2016101400000004-1499
X2016101400000004,100001,X2016101400000004-1500
X2016101400000004,100001,X2016101400000004-1501
X2016101400000004,100001,X2016101400000004-1502
X2016101400000004,100001,X2016101400000004-1503
X2016101400000004,100001,X2016101400000004-1504
X2016101400000004,100001,X2016101400000004-1505
X2016101400000004,100001,X2016101400000004-1506
X2016101400000004,100001,X2016101400000004-1507
X2016101400000004,100001,X2016101400000004-1508
X2016101400000004,100001,X2016101400000004-1509
X2016101400000004,100001,X2016101400000004-1510
X2016101400000004,100001,X2016101400000004-1511
X2016101400000004,100001,X2016101400000004-1512
X2016101400000004,100001,X2016101400000004-1513
X2016101400000004,100001,X2016101400000004-1514
X2016101400000004,100001,X2016101400000004-1515
X2016101400000004,100001,X2016101400000004-1516
X2016101400000004,100001,X2016101400000004-1517
X2016101400000004,100001,X2016101400000004-1518
X2016101400000004,100001,X2016101400000004-1519
X2016101400000004,100001,X2016101400000004-1520
X2016101400000004,100001,X2016101400000004-1521
X2016101400000004,100001,X2016101400000004-1522
X2016101400000004,100001,X2016101400000004-1523
X2016101400000004,100001,X2016101400000004-1524
X2016101400000004,100001,X2016101400000004-1525
X2016101400000004,100001,X2016101400000004-1526
X2016101400000004,100001,X2016101400000004-1527
X2016101400000004,100001,X2016101400000004-1528
X2016101400000004,100001,X2016101400000004-1529
X2016101400000004,100001,X2016101400000004-1530
X2016101400000004,100001,X2016101400000004-1531
X2016101400000004,100001,X2016101400000004-1532
X2016101400000004,100001,X2016101400000004-1533
X2016101400000004,100001,X2016101400000004-1534
X2016101400000004,100001,X2016101400000004-1535
X2016101400000004,100001,X2016101400000004-1536
X2016101400000004,100001,X2016101400000004-1537
X2016101400000004,100001,X2016101400000004-1538
X2016101400000004,100001,X2016101400000004-1539
X2016101400000004,100001,X2016101400000004-1540
X2016101400000004,100001,X2016101400000004-1541
X2016101400000004,100001,X2016101400000004-1542
X2016101400000004,100001,X2016101400000004-1543
X2016101400000004,100001,X2016101400000004-1544
X2016101400000004,100001,X2016101400000004-1545
X2016101400000004,100001,X2016101400000004-1546
X2016101400000004,100001,X2016101400000004-1547
X2016101400000004,100001,X2016101400000004-1548
X2016101400000004,100001,X2016101400000004-1549
X2016101400000004,100001,X2016101400000004-1550
X2016101400000004,100001,X2016101400000004-1551
X2016101400000004,100001,X2016101400000004-1552
X2016101400000004,100001,X2016101400000004-1553
X2016101400000004,100001,X2016101400000004-1554
X2016101400000004,100001,X2016101400000004-1555
X2016101400000004,100001,X2016101400000004-1556
X2016101400000004,100001,X2016101400000004-1557
X2016101400000004,100001,X2016101400000004-1558
X2016101400000004,100001,X2016101400000004-1559
X2016101400000004,100001,X2016101400000004-1560
X2016101400000004,100001,X2016101400000004-1561
X2016101400000004,100001,X2016101400000004-1562
X2016101400000004,100001,X2016101400000004-1563
X2016101400000004,100001,X2016101400000004-1564
X2016101400000004,100001,X2016101400000004-1565
X2016101400000004,100001,X2016101400000004-1566
X2016101400000004,100001,X2016101400000004-1567
X2016101400000004,100001,X2016101400000004-1568
X2016101400000004,100001,X2016101400000004-1569
X2016101400000004,100001,X2016101400000004-1570
X2016101400000004,100001,X2016101400000004-1571
X2016101400000004,100001,X2016101400000004-1572
X2016101400000004,100001,X2016101400000004-1573
X2016101400000004,100001,X2016101400000004-1574
X2016101400000004,100001,X2016101400000004-1575
X2016101400000004,100001,X2016101400000004-1576
X2016101400000004,100001,X2016101400000004-1577
X2016101400000004,100001,X2016101400000004-1578
X2016101400000004,100001,X2016101400000004-1579
X2016101400000004,100001,X2016101400000004-1580
X2016101400000004,100001,X2016101400000004-1581
X2016101400000004,100001,X2016101400000004-1582
X2016101400000004,100001,X2016101400000004-1583
X2016101400000004,100001,X2016101400000004-1584
X2016101400000004,100001,X2016101400000004-1585
X2016101400000004,100001,X2016101400000004-1586
X2016101400000004,100001,X2016101400000004-1587
X2016101400000004,100001,X2016101400000004-1588
X2016101400000004,100001,X2016101400000004-1589
X2016101400000004,100001,X2016101400000004-1590
X2016101400000004,100001,X2016101400000004-1591
X2016101400000004,100001,X2016101400000004-1592
X2016101400000004,100001,X2016101400000004-1593
X2016101400000004,100001,X2016101400000004-1594
X2016101400000004,100001,X2016101400000004-1595
X2016101400000004,100001,X2016101400000004-1596
X2016101400000004,100001,X2016101400000004-1597
X2016101400000004,100001,X2016101400000004-1598
X2016101400000004,100001,X2016101400000004-1599
X2016101400000004,100001,X2016101400000004-1600
X2016101400000004,100001,X2016101400000004-1601
X2016101400000004,100001,X2016101400000004-1602
X2016101400000004,100001,X2016101400000004-1603
X2016101400000004,100001,X2016101400000004-1604
X2016101400000004,100001,X2016101400000004-1605
X2016101400000004,100001,X2016101400000004-1606
X2016101400000004,100001,X2016101400000004-1607
X2016101400000004,100001,X2016101400000004-1608
X2016101400000004,100001,X2016101400000004-1609
X2016101400000004,100001,X2016101400000004-1610
X2016101400000004,100001,X2016101400000004-1611
X2016101400000004,100001,X2016101400000004-1612
X2016101400000004,100001,X2016101400000004-1613
X2016101400000004,100001,X2016101400000004-1614
X2016101400000004,100001,X2016101400000004-1615
X2016101400000004,100001,X2016101400000004-1616
X2016101400000004,100001,X2016101400000004-1617
X2016101400000004,100001,X2016101400000004-1618
X2016101400000004,100001,X2016101400000004-1619
X2016101400000004,100001,X2016101400000004-1620
X2016101400000004,100001,X2016101400000004-1621
X2016101400000004,100001,X2016101400000004-1622
X2016101400000004,100001,X2016101400000004-1623
X2016101400000004,100001,X2016101400000004-1624
X2016101400000004,100001,X2016101400000004-1625
X2016101400000004,100001,X2016101400000004-1626
X2016101400000004,100001,X2016101400000004-1627
X2016101400000004,100001,X2016101400000004-1628
X2016101400000004,100001,X2016101400000004-1629
X2016101400000004,100001,X2016101400000004-1630
X2016101400000004,100001,X2016101400000004-1631
X2016101400000004,100001,X2016101400000004-1632
X2016101400000004,100001,X2016101400000004-1633
X2016101400000004,100001,X2016101400000004-1634
X2016101400000004,100001,X2016101400000004-1635
X2016101400000004,100001,X2016101400000004-1636
X2016101400000004,100001,X2016101400000004-1637
X2016101400000004,100001,X2016101400000004-1638
X2016101400000004,100001,X2016101400000004-1639
X2016101400000004,100001,X2016101400000004-1640
X2016101400000004,100001,X2016101400000004-1641
X2016101400000004,100001,X2016101400000004-1642
X2016101400000004,100001,X2016101400000004-1643
X2016101400000004,100001,X2016101400000004-1644
X2016101400000004,100001,X2016101400000004-1645
X2016101400000004,100001,X2016101400000004-1646
X2016101400000004,100001,X2016101400000004-1647
X2016101400000004,100001,X2016101400000004-1648
X2016101400000004,100001,X2016101400000004-1649
X2016101400000004,100001,X2016101400000004-1650
X2016101400000004,100001,X2016101400000004-1651
X2016101400000004,100001,X2016101400000004-1652
X2016101400000004,100001,X2016101400000004-1653
X2016101400000004,100001,X2016101400000004-1654
X2016101400000004,100001,X2016101400000004-1655
X2016101400000004,100001,X2016101400000004-1656
X2016101400000004,100001,X2016101400000004-1657
X2016101400000004,100001,X2016101400000004-1658
X2016101400000004,100001,X2016101400000004-1659
X2016101400000004,100001,X2016101400000004-1660
X2016101400000004,100001,X2016101400000004-1661
X2016101400000004,100001,X2016101400000004-1662
X2016101400000004,100001,X2016101400000004-1663
X2016101400000004,100001,X2016101400000004-1664
X2016101400000004,100001,X2016101400000004-1665
X2016101400000004,100001,X2016101400000004-1666
X2016101400000004,100001,X2016101400000004-1667
X2016101400000004,100001,X2016101400000004-1668
X2016101400000004,100001,X2016101400000004-1669
X2016101400000004,100001,X2016101400000004-1670
X2016101400000004,100001,X2016101400000004-1671
X2016101400000004,100001,X2016101400000004-1672
X2016101400000004,100001,X2016101400000004-1673
X2016101400000004,100001,X2016101400000004-1674
X2016101400000004,100001,X2016101400000004-1675
X2016101400000004,100001,X2016101400000004-1676
X2016101400000004,100001,X2016101400000004-1677
X2016101400000004,100001,X2016101400000004-1678
X2016101400000004,100001,X2016101400000004-1679
X2016101400000004,100001,X2016101400000004-1680
X2016101400000004,100001,X2016101400000004-1681
X2016101400000004,100001,X2016101400000004-1682
X2016101400000004,100001,X2016101400000004-1683
X2016101400000004,100001,X2016101400000004-1684
X2016101400000004,100001,X2016101400000004-1685
X2016101400000004,100001,X2016101400000004-1686
X2016101400000004,100001,X2016101400000004-1687
X2016101400000004,100001,X2016101400000004-1688
X2016101400000004,100001,X2016101400000004-1689
X2016101400000004,100001,X2016101400000004-1690
X2016101400000004,100001,X2016101400000004-1691
X2016101400000004,100001,X2016101400000004-1692
X2016101400000004,100001,X2016101400000004-1693
X2016101400000004,100001,X2016101400000004-1694
X2016101400000004,100001,X2016101400000004-1695
X2016101400000004,100001,X2016101400000004-1696
X2016101400000004,100001,X2016101400000004-1697
X2016101400000004,100001,X2016101400000004-1698
X2016101400000004,100001,X2016101400000004-1699
X2016101400000004,100001,X2016101400000004-1700
X2016101400000004,100001,X2016101400000004-1701
X2016101400000004,100001,X2016101400000004-1702
X2016101400000004,100001,X2016101400000004-1703
X2016101400000004,100001,X2016101400000004-1704
X2016101400000004,100001,X2016101400000004-1705
X2016101400000004,100001,X2016101400000004-1706
X2016101400000004,100001,X2016101400000004-1707
X2016101400000004,100001,X2016101400000004-1708
X2016101400000004,100001,X2016101400000004-1709
X2016101400000004,100001,X2016101400000004-1710
X2016101400000004,100001,X2016101400000004-1711
X2016101400000004,100001,X2016101400000004-1712
X2016101400000004,100001,X2016101400000004-1713
X2016101400000004,100001,X2016101400000004-1714
X2016101400000004,100001,X2016101400000004-1715
X2016101400000004,100001,X2016101400000004-1716
X2016101400000004,100001,X2016101400000004-1717
X2016101400000004,100001,X2016101400000004-1718
X2016101400000004,100001,X2016101400000004-1719
X2016101400000004,100001,X2016101400000004-1720
X2016101400000004,100001,X2016101400000004-1721
X2016101400000004,100001,X2016101400000004-1722
X2016101400000004,100001,X2016101400000004-1723
X2016101400000004,100001,X2016101400000004-1724
X2016101400000004,100001,X2016101400000004-1725
X2016101400000004,100001,X2016101400000004-1726
X2016101400000004,100001,X2016101400000004-1727
X2016101400000004,100001,X2016101400000004-1728
X2016101400000004,100001,X2016101400000004-1729
X2016101400000004,100001,X2016101400000004-1730
X2016101400000004,100001,X2016101400000004-1731
X2016101400000004,100001,X2016101400000004-1732
X2016101400000004,100001,X2016101400000004-1733
X2016101400000004,100001,X2016101400000004-1734
X2016101400000004,100001,X2016101400000004-1735
X2016101400000004,100001,X2016101400000004-1736
X2016101400000004,100001,X2016101400000004-1737
X2016101400000004,100001,X2016101400000004-1738
X2016101400000004,100001,X2016101400000004-1739
X2016101400000004,100001,X2016101400000004-1740
X2016101400000004,100001,X2016101400000004-1741
X2016101400000004,100001,X2016101400000004-1742
X2016101400000004,100001,X2016101400000004-1743
X2016101400000004,100001,X2016101400000004-1744
X2016101400000004,100001,X2016101400000004-1745
X2016101400000004,100001,X2016101400000004-1746
X2016101400000004,100001,X2016101400000004-1747
X2016101400000004,100001,X2016101400000004-1748
X2016101400000004,100001,X2016101400000004-1749
X2016101400000004,100001,X2016101400000004-1750
X2016101400000004,100001,X2016101400000004-1751
X2016101400000004,100001,X2016101400000004-1752
X2016101400000004,100001,X2016101400000004-1753
X2016101400000004,100001,X2016101400000004-1754
X2016101400000004,100001,X2016101400000004-1755
X2016101400000004,100001,X2016101400000004-1756
X2016101400000004,100001,X2016101400000004-1757
X2016101400000004,100001,X2016101400000004-1758
X2016101400000004,100001,X2016101400000004-1759
X2016101400000004,100001,X2016101400000004-1760
X2016101400000004,100001,X2016101400000004-1761
X2016101400000004,100001,X2016101400000004-1762
X2016101400000004,100001,X2016101400000004-1763
X2016101400000004,100001,X2016101400000004-1764
X2016101400000004,100001,X2016101400000004-1765
X2016101400000004,100001,X2016101400000004-1766
X2016101400000004,100001,X2016101400000004-1767
X2016101400000004,100001,X2016101400000004-1768
X2016101400000004,100001,X2016101400000004-1769
X2016101400000004,100001,X2016101400000004-1770
X2016101400000004,100001,X2016101400000004-1771
X2016101400000004,100001,X2016101400000004-1772
X2016101400000004,100001,X2016101400000004-1773
X2016101400000004,100001,X2016101400000004-1774
X2016101400000004,100001,X2016101400000004-1775
X2016101400000004,100001,X2016101400000004-1776
X2016101400000004,100001,X2016101400000004-1777
X2016101400000004,100001,X2016101400000004-1778
X2016101400000004,100001,X2016101400000004-1779
X2016101400000004,100001,X2016101400000004-1780
X2016101400000004,100001,X2016101400000004-1781
X2016101400000004,100001,X2016101400000004-1782
X2016101400000004,100001,X2016101400000004-1783
X2016101400000004,100001,X2016101400000004-1784
X2016101400000004,100001,X2016101400000004-1785
X2016101400000004,100001,X2016101400000004-1786
X2016101400000004,100001,X2016101400000004-1787
X2016101400000004,100001,X2016101400000004-1788
X2016101400000004,100001,X2016101400000004-1789
X2016101400000004,100001,X2016101400000004-1790
X2016101400000004,100001,X2016101400000004-1791
X2016101400000004,100001,X2016101400000004-1792
X2016101400000004,100001,X2016101400000004-1793
X2016101400000004,100001,X2016101400000004-1794
X2016101400000004,100001,X2016101400000004-1795
X2016101400000004,100001,X2016101400000004-1796
X2016101400000004,100001,X2016101400000004-1797
X2016101400000004,100001,X2016101400000004-1798
X2016101400000004,100001,X2016101400000004-1799
X2016101400000004,100001,X2016101400000004-1800
X2016101400000004,100001,X2016101400000004-1801
X2016101400000004,100001,X2016101400000004-1802
X2016101400000004,100001,X2016101400000004-1803
X2016101400000004,100001,X2016101400000004-1804
X2016101400000004,100001,X2016101400000004-1805
X2016101400000004,100001,X2016101400000004-1806
X2016101400000004,100001,X2016101400000004-1807
X2016101400000004,100001,X2016101400000004-1808
X2016101400000004,100001,X2016101400000004-1809
X2016101400000004,100001,X2016101400000004-1810
X2016101400000004,100001,X2016101400000004-1811
X2016101400000004,100001,X2016101400000004-1812
X2016101400000004,100001,X2016101400000004-1813
X2016101400000004,100001,X2016101400000004-1814
X2016101400000004,100001,X2016101400000004-1815
X2016101400000004,100001,X2016101400000004-1816
X2016101400000004,100001,X2016101400000004-1817
X2016101400000004,100001,X2016101400000004-1818
X2016101400000004,100001,X2016101400000004-1819
X2016101400000004,100001,X2016101400000004-1820
X2016101400000004,100001,X2016101400000004-1821
X2016101400000004,100001,X2016101400000004-1822
X2016101400000004,100001,X2016101400000004-1823
X2016101400000004,100001,X2016101400000004-1824
X2016101400000004,100001,X2016101400000004-1825
X2016101400000004,100001,X2016101400000004-1826
X2016101400000004,100001,X2016101400000004-1827
X2016101400000004,100001,X2016101400000004-1828
X2016101400000004,100001,X2016101400000004-1829
X2016101400000004,100001,X2016101400000004-1830
X2016101400000004,100001,X2016101400000004-1831
X2016101400000004,100001,X2016101400000004-1832
X2016101400000004,100001,X2016101400000004-1833
X2016101400000004,100001,X2016101400000004-1834
X2016101400000004,100001,X2016101400000004-1835
X2016101400000004,100001,X2016101400000004-1836
X2016101400000004,100001,X2016101400000004-1837
X2016101400000004,100001,X2016101400000004-1838
X2016101400000004,100001,X2016101400000004-1839
X2016101400000004,100001,X2016101400000004-1840
X2016101400000004,100001,X2016101400000004-1841
X2016101400000004,100001,X2016101400000004-1842
X2016101400000004,100001,X2016101400000004-1843
X2016101400000004,100001,X2016101400000004-1844
X2016101400000004,100001,X2016101400000004-1845
X2016101400000004,100001,X2016101400000004-1846
X2016101400000004,100001,X2016101400000004-1847
X2016101400000004,100001,X2016101400000004-1848
X2016101400000004,100001,X2016101400000004-1849
X2016101400000004,100001,X2016101400000004-1850
X2016101400000004,100001,X2016101400000004-1851
X2016101400000004,100001,X2016101400000004-1852
X2016101400000004,100001,X2016101400000004-1853
X2016101400000004,100001,X2016101400000004-1854
X2016101400000004,100001,X2016101400000004-1855
X2016101400000004,100001,X2016101400000004-1856
X2016101400000004,100001,X2016101400000004-1857
X2016101400000004,100001,X2016101400000004-1858
X2016101400000004,100001,X2016101400000004-1859
X2016101400000004,100001,X2016101400000004-1860
X2016101400000004,100001,X2016101400000004-1861
X2016101400000004,100001,X2016101400000004-1862
X2016101400000004,100001,X2016101400000004-1863
X2016101400000004,100001,X2016101400000004-1864
X2016101400000004,100001,X2016101400000004-1865
X2016101400000004,100001,X2016101400000004-1866
X2016101400000004,100001,X2016101400000004-1867
X2016101400000004,100001,X2016101400000004-1868
X2016101400000004,100001,X2016101400000004-1869
X2016101400000004,100001,X2016101400000004-1870
X2016101400000004,100001,X2016101400000004-1871
X2016101400000004,100001,X2016101400000004-1872
X2016101400000004,100001,X2016101400000004-1873
X2016101400000004,100001,X2016101400000004-1874
X2016101400000004,100001,X2016101400000004-1875
X2016101400000004,100001,X2016101400000004-1876
X2016101400000004,100001,X2016101400000004-1877
X2016101400000004,100001,X2016101400000004-1878
X2016101400000004,100001,X2016101400000004-1879
X2016101400000004,100001,X2016101400000004-1880
X2016101400000004,100001,X2016101400000004-1881
X2016101400000004,100001,X2016101400000004-1882
X2016101400000004,100001,X2016101400000004-1883
X2016101400000004,100001,X2016101400000004-1884
X2016101400000004,100001,X2016101400000004-1885
X2016101400000004,100001,X2016101400000004-1886
X2016101400000004,100001,X2016101400000004-1887
X2016101400000004,100001,X2016101400000004-1888
X2016101400000004,100001,X2016101400000004-1889
X2016101400000004,100001,X2016101400000004-1890
X2016101400000004,100001,X2016101400000004-1891
X2016101400000004,100001,X2016101400000004-1892
X2016101400000004,100001,X2016101400000004-1893
X2016101400000004,100001,X2016101400000004-1894
X2016101400000004,100001,X2016101400000004-1895
X2016101400000004,100001,X2016101400000004-1896
X2016101400000004,100001,X2016101400000004-1897
X2016101400000004,100001,X2016101400000004-1898
X2016101400000004,100001,X2016101400000004-1899
X2016101400000004,100001,X2016101400000004-1900
X2016101400000004,100001,X2016101400000004-1901
X2016101400000004,100001,X2016101400000004-1902
X2016101400000004,100001,X2016101400000004-1903
X2016101400000004,100001,X2016101400000004-1904
X2016101400000004,100001,X2016101400000004-1905
X2016101400000004,100001,X2016101400000004-1906
X2016101400000004,100001,X2016101400000004-1907
X2016101400000004,100001,X2016101400000004-1908
X2016101400000004,100001,X2016101400000004-1909
X2016101400000004,100001,X2016101400000004-1910
X2016101400000004,100001,X2016101400000004-1911
X2016101400000004,100001,X2016101400000004-1912
X2016101400000004,100001,X2016101400000004-1913
X2016101400000004,100001,X2016101400000004-1914
X2016101400000004,100001,X2016101400000004-1915
X2016101400000004,100001,X2016101400000004-1916
X2016101400000004,100001,X2016101400000004-1917
X2016101400000004,100001,X2016101400000004-1918
X2016101400000004,100001,X2016101400000004-1919
X2016101400000004,100001,X2016101400000004-1920
X2016101400000004,100001,X2016101400000004-1921
X2016101400000004,100001,X2016101400000004-1922
X2016101400000004,100001,X2016101400000004-1923
X2016101400000004,100001,X2016101400000004-1924
X2016101400000004,100001,X2016101400000004-1925
X2016101400000004,100001,X2016101400000004-1926
X2016101400000004,100001,X2016101400000004-1927
X2016101400000004,100001,X2016101400000004-1928
X2016101400000004,100001,X2016101400000004-1929
X2016101400000004,100001,X2016101400000004-1930
X2016101400000004,100001,X2016101400000004-1931
X2016101400000004,100001,X2016101400000004-1932
X2016101400000004,100001,X2016101400000004-1933
X2016101400000004,100001,X2016101400000004-1934
X2016101400000004,100001,X2016101400000004-1935
X2016101400000004,100001,X2016101400000004-1936
X2016101400000004,100001,X2016101400000004-1937
X2016101400000004,100001,X2016101400000004-1938
X2016101400000004,100001,X2016101400000004-1939
X2016101400000004,100001,X2016101400000004-1940
X2016101400000004,100001,X2016101400000004-1941
X2016101400000004,100001,X2016101400000004-1942
X2016101400000004,100001,X2016101400000004-1943
X2016101400000004,100001,X2016101400000004-1944
X2016101400000004,100001,X2016101400000004-1945
X2016101400000004,100001,X2016101400000004-1946
X2016101400000004,100001,X2016101400000004-1947
X2016101400000004,100001,X2016101400000004-1948
X2016101400000004,100001,X2016101400000004-1949
X2016101400000004,100001,X2016101400000004-1950
X2016101400000004,100001,X2016101400000004-1951
X2016101400000004,100001,X2016101400000004-1952
X2016101400000004,100001,X2016101400000004-1953
X2016101400000004,100001,X2016101400000004-1954
X2016101400000004,100001,X2016101400000004-1955
X2016101400000004,100001,X2016101400000004-1956
X2016101400000004,100001,X2016101400000004-1957
X2016101400000004,100001,X2016101400000004-1958
X2016101400000004,100001,X2016101400000004-1959
X2016101400000004,100001,X2016101400000004-1960
X2016101400000004,100001,X2016101400000004-1961
X2016101400000004,100001,X2016101400000004-1962
X2016101400000004,100001,X2016101400000004-1963
X2016101400000004,100001,X2016101400000004-1964
X2016101400000004,100001,X2016101400000004-1965
X2016101400000004,100001,X2016101400000004-1966
X2016101400000004,100001,X2016101400000004-1967
X2016101400000004,100001,X2016101400000004-1968
X2016101400000004,100001,X2016101400000004-1969
X2016101400000004,100001,X2016101400000004-1970
X2016101400000004,100001,X2016101400000004-1971
X2016101400000004,100001,X2016101400000004-1972
X2016101400000004,100001,X2016101400000004-1973
X2016101400000004,100001,X2016101400000004-1974
X2016101400000004,100001,X2016101400000004-1975
X2016101400000004,100001,X2016101400000004-1976
X2016101400000004,100001,X2016101400000004-1977
X2016101400000004,100001,X2016101400000004-1978
X2016101400000004,100001,X2016101400000004-1979
X2016101400000004,100001,X2016101400000004-1980
X2016101400000004,100001,X2016101400000004-1981
X2016101400000004,100001,X2016101400000004-1982
X2016101400000004,100001,X2016101400000004-1983
X2016101400000004,100001,X2016101400000004-1984
X2016101400000004,100001,X2016101400000004-1985
X2016101400000004,100001,X2016101400000004-1986
X2016101400000004,100001,X2016101400000004-1987
X2016101400000004,100001,X2016101400000004-1988
X2016101400000004,100001,X2016101400000004-1989
X2016101400000004,100001,X2016101400000004-1990
X2016101400000004,100001,X2016101400000004-1991
X2016101400000004,100001,X2016101400000004-1992
X2016101400000004,100001,X2016101400000004-1993
X2016101400000004,100001,X2016101400000004-1994
X2016101400000004,100001,X2016101400000004-1995
X2016101400000004,100001,X2016101400000004-1996
X2016101400000004,100001,X2016101400000004-1997
X2016101400000004,100001,X2016101400000004-1998
X2016101400000004,100001,X2016101400000004-1999
X2016101400000004,100001,X2016101400000004-2000
X2016101400000004,100001,X2016101400000004-2001
X2016101400000004,100001,X2016101400000004-2002
X2016101400000004,100001,X2016101400000004-2003
X2016101400000004,100001,X2016101400000004-2004
X2016101400000004,100001,X2016101400000004-2005
X2016101400000004,100001,X2016101400000004-2006
X2016101400000004,100001,X2016101400000004-2007
X2016101400000004,100001,X2016101400000004-2008
X2016101400000004,100001,X2016101400000004-2009
X2016101400000004,100001,X2016101400000004-2010
X2016101400000004,100001,X2016101400000004-2011
X2016101400000004,100001,X2016101400000004-2012
X2016101400000004,100001,X2016101400000004-2013
X2016101400000004,100001,X2016101400000004-2014
X2016101400000004,100001,X2016101400000004-2015
X2016101400000004,100001,X2016101400000004-2016
X2016101400000004,100001,X2016101400000004-2017
X2016101400000004,100001,X2016101400000004-2018
X2016101400000004,100001,X2016101400000004-2019
X2016101400000004,100001,X2016101400000004-2020
X2016101400000004,100001,X2016101400000004-2021
X2016101400000004,100001,X2016101400000004-2022
X2016101400000004,100001,X2016101400000004-2023
X2016101400000004,100001,X2016101400000004-2024
X2016101400000004,100001,X2016101400000004-2025
X2016101400000004,100001,X2016101400000004-2026
X2016101400000004,100001,X2016101400000004-2027
X2016101400000004,100001,X2016101400000004-2028
X2016101400000004,100001,X2016101400000004-2029
X2016101400000004,100001,X2016101400000004-2030
X2016101400000004,100001,X2016101400000004-2031
X2016101400000004,100001,X2016101400000004-2032
X2016101400000004,100001,X2016101400000004-2033
X2016101400000004,100001,X2016101400000004-2034
X2016101400000004,100001,X2016101400000004-2035
